entityId,latitude,longitude,timestamp,entityType,vehicleId,assetId,deliveryId,orderId,packageId,stopId,stopSequence,routeId,driverId,driverName,depot,warehouse,region,status,speed,heading,alertFlag,priority,scheduledTime,eta,actualArrivalTime,deliveryWindowStart,deliveryWindowEnd,completionTime,failedReason,exceptionReason,slaBreachFlag,destinationLatitude,destinationLongitude,fuelLevel,batteryLevel,temperature,sensorValue,maintenanceStatus,itemCategory,itemValue,temperatureSensitiveFlag
VH-0001,40.5107,-74.2472,2026-05-29T09:00:00.000Z,Mobile Asset,VH-0001,AST-0001,,,,,,R-001,DRV-001,Driver 1,North DC,WH-North,Northeast,Alert,18,0,true,,,,,,,,,,,,,25,30,,,,,,
VH-0001,40.5287,-74.2252,2026-05-29T08:25:00.000Z,Mobile Asset,VH-0001,AST-0001,,,,,,R-001,DRV-001,Driver 1,North DC,WH-North,Northeast,Alert,19,22,true,,,,,,,,,,,,,26,31,,,,,,
VH-0001,40.5467,-74.2032,2026-05-29T07:50:00.000Z,Mobile Asset,VH-0001,AST-0001,,,,,,R-001,DRV-001,Driver 1,North DC,WH-North,Northeast,Alert,20,44,true,,,,,,,,,,,,,27,32,,,,,,
VH-0001,40.5647,-74.1812,2026-05-29T07:15:00.000Z,Mobile Asset,VH-0001,AST-0001,,,,,,R-001,DRV-001,Driver 1,North DC,WH-North,Northeast,Alert,21,66,true,,,,,,,,,,,,,28,33,,,,,,
VH-0001,40.5827,-74.1592,2026-05-29T06:40:00.000Z,Mobile Asset,VH-0001,AST-0001,,,,,,R-001,DRV-001,Driver 1,North DC,WH-North,Northeast,Alert,22,88,true,,,,,,,,,,,,,29,34,,,,,,
VH-0001,40.6007,-74.1372,2026-05-29T06:05:00.000Z,Mobile Asset,VH-0001,AST-0001,,,,,,R-001,DRV-001,Driver 1,North DC,WH-North,Northeast,Alert,23,110,true,,,,,,,,,,,,,30,35,,,,,,
VH-0002,33.569,-84.648,2026-05-29T10:50:00.000Z,Vehicle,VH-0002,,,,,,,R-002,DRV-002,Driver 2,South DC,WH-South,Southeast,Active,19,17,,,,,,,,,,,,,,32,,,,,,,
VH-0002,33.587,-84.626,2026-05-29T11:02:00.000Z,Vehicle,VH-0002,,,,,,,R-002,DRV-002,Driver 2,South DC,WH-South,Southeast,Active,20,39,,,,,,,,,,,,,,33,,,,,,,
VH-0002,33.605,-84.604,2026-05-29T11:14:00.000Z,Vehicle,VH-0002,,,,,,,R-002,DRV-002,Driver 2,South DC,WH-South,Southeast,Idle,0,61,,,,,,,,,,,,,,34,,,,,,,
VH-0002,33.623,-84.582,2026-05-29T11:26:00.000Z,Vehicle,VH-0002,,,,,,,R-002,DRV-002,Driver 2,South DC,WH-South,Southeast,Delayed,22,83,,,,,,,,,,,,,,35,,,,,,,
VH-0002,33.641,-84.56,2026-05-29T11:38:00.000Z,Vehicle,VH-0002,,,,,,,R-002,DRV-002,Driver 2,South DC,WH-South,Southeast,Offline,0,105,,,,,,,,,,,,,,36,,,,,,,
VH-0002,33.659,-84.538,2026-05-29T11:50:00.000Z,Vehicle,VH-0002,,,,,,,R-002,DRV-002,Driver 2,South DC,WH-South,Southeast,Maintenance,24,127,,,,,,,,,,,,,,37,,,,Inspection due,,,
VH-0003,41.7431,-87.8378,2026-05-29T10:50:00.000Z,Vehicle,VH-0003,,,,,,,R-003,DRV-003,Driver 3,Central DC,WH-Central,Central,Active,20,34,,,,,,,,,,,,,,39,,,,,,,
VH-0003,41.7611,-87.8158,2026-05-29T11:02:00.000Z,Vehicle,VH-0003,,,,,,,R-003,DRV-003,Driver 3,Central DC,WH-Central,Central,Idle,0,56,,,,,,,,,,,,,,40,,,,,,,
VH-0003,41.7791,-87.7938,2026-05-29T11:14:00.000Z,Vehicle,VH-0003,,,,,,,R-003,DRV-003,Driver 3,Central DC,WH-Central,Central,Delayed,22,78,,,,,,,,,,,,,,41,,,,,,,
VH-0003,41.7971,-87.7718,2026-05-29T11:26:00.000Z,Vehicle,VH-0003,,,,,,,R-003,DRV-003,Driver 3,Central DC,WH-Central,Central,Offline,0,100,,,,,,,,,,,,,,42,,,,,,,
VH-0003,41.8151,-87.7498,2026-05-29T11:38:00.000Z,Vehicle,VH-0003,,,,,,,R-003,DRV-003,Driver 3,Central DC,WH-Central,Central,Maintenance,24,122,,,,,,,,,,,,,,43,,,,Inspection due,,,
VH-0003,41.8331,-87.7278,2026-05-29T11:50:00.000Z,Vehicle,VH-0003,,,,,,,R-003,DRV-003,Driver 3,Central DC,WH-Central,Central,Alert,25,144,,,,,,,,,,,,,,44,,,,,,,
VH-0004,33.9622,-118.3997,2026-05-29T10:50:00.000Z,Vehicle,VH-0004,,,,,,,R-004,DRV-004,Driver 4,West DC,WH-West,West,Idle,0,51,,,,,,,,,,,,,,46,,,,,,,
VH-0004,33.9802,-118.3777,2026-05-29T11:02:00.000Z,Vehicle,VH-0004,,,,,,,R-004,DRV-004,Driver 4,West DC,WH-West,West,Delayed,22,73,,,,,,,,,,,,,,47,,,,,,,
VH-0004,33.9982,-118.3557,2026-05-29T11:14:00.000Z,Vehicle,VH-0004,,,,,,,R-004,DRV-004,Driver 4,West DC,WH-West,West,Offline,0,95,,,,,,,,,,,,,,48,,,,,,,
VH-0004,34.0162,-118.3337,2026-05-29T11:26:00.000Z,Vehicle,VH-0004,,,,,,,R-004,DRV-004,Driver 4,West DC,WH-West,West,Maintenance,24,117,,,,,,,,,,,,,,49,,,,Inspection due,,,
VH-0004,34.0342,-118.3117,2026-05-29T11:38:00.000Z,Vehicle,VH-0004,,,,,,,R-004,DRV-004,Driver 4,West DC,WH-West,West,Alert,25,139,,,,,,,,,,,,,,50,,,,,,,
VH-0004,34.0522,-118.2897,2026-05-29T11:50:00.000Z,Vehicle,VH-0004,,,,,,,R-004,DRV-004,Driver 4,West DC,WH-West,West,Active,26,161,,,,,,,,,,,,,,51,,,,,,,
VH-0005,32.7317,-96.901,2026-05-29T10:50:00.000Z,Vehicle,VH-0005,,,,,,,R-005,DRV-005,Driver 5,Texas Hub,WH-Texas,Southwest,Delayed,22,68,,,,,,,,,,,,,,53,,,,,,,
VH-0005,32.7497,-96.879,2026-05-29T11:02:00.000Z,Vehicle,VH-0005,,,,,,,R-005,DRV-005,Driver 5,Texas Hub,WH-Texas,Southwest,Offline,0,90,,,,,,,,,,,,,,54,,,,,,,
VH-0005,32.7677,-96.857,2026-05-29T11:14:00.000Z,Vehicle,VH-0005,,,,,,,R-005,DRV-005,Driver 5,Texas Hub,WH-Texas,Southwest,Maintenance,24,112,,,,,,,,,,,,,,55,,,,Inspection due,,,
VH-0005,32.7857,-96.835,2026-05-29T11:26:00.000Z,Vehicle,VH-0005,,,,,,,R-005,DRV-005,Driver 5,Texas Hub,WH-Texas,Southwest,Alert,25,134,,,,,,,,,,,,,,56,,,,,,,
VH-0005,32.8037,-96.813,2026-05-29T11:38:00.000Z,Vehicle,VH-0005,,,,,,,R-005,DRV-005,Driver 5,Texas Hub,WH-Texas,Southwest,Active,26,156,,,,,,,,,,,,,,57,,,,,,,
VH-0005,32.8217,-96.791,2026-05-29T11:50:00.000Z,Vehicle,VH-0005,,,,,,,R-005,DRV-005,Driver 5,Texas Hub,WH-Texas,Southwest,Active,27,178,,,,,,,,,,,,,,58,,,,,,,
VH-0006,40.7357,-73.9872,2026-05-29T10:50:00.000Z,Vehicle,VH-0006,,,,,,,R-006,DRV-006,Driver 6,North DC,WH-North,Northeast,Offline,0,85,,,,,,,,,,,,,,60,,,,,,,
VH-0006,40.7537,-73.9652,2026-05-29T11:02:00.000Z,Vehicle,VH-0006,,,,,,,R-006,DRV-006,Driver 6,North DC,WH-North,Northeast,Maintenance,24,107,,,,,,,,,,,,,,61,,,,Inspection due,,,
VH-0006,40.7717,-73.9432,2026-05-29T11:14:00.000Z,Vehicle,VH-0006,,,,,,,R-006,DRV-006,Driver 6,North DC,WH-North,Northeast,Alert,25,129,,,,,,,,,,,,,,62,,,,,,,
VH-0006,40.7897,-73.9212,2026-05-29T11:26:00.000Z,Vehicle,VH-0006,,,,,,,R-006,DRV-006,Driver 6,North DC,WH-North,Northeast,Active,26,151,,,,,,,,,,,,,,63,,,,,,,
VH-0006,40.8077,-73.8992,2026-05-29T11:38:00.000Z,Vehicle,VH-0006,,,,,,,R-006,DRV-006,Driver 6,North DC,WH-North,Northeast,Active,27,173,,,,,,,,,,,,,,64,,,,,,,
VH-0006,40.8257,-73.8772,2026-05-29T11:50:00.000Z,Vehicle,VH-0006,,,,,,,R-006,DRV-006,Driver 6,North DC,WH-North,Northeast,Active,28,195,,,,,,,,,,,,,,65,,,,,,,
VH-0007,33.794,-84.388,2026-05-29T10:50:00.000Z,Vehicle,VH-0007,,,,,,,R-007,DRV-007,Driver 7,South DC,WH-South,Southeast,Maintenance,24,102,,,,,,,,,,,,,,67,,,,Inspection due,,,
VH-0007,33.812,-84.366,2026-05-29T11:02:00.000Z,Vehicle,VH-0007,,,,,,,R-007,DRV-007,Driver 7,South DC,WH-South,Southeast,Alert,25,124,,,,,,,,,,,,,,68,,,,,,,
VH-0007,33.83,-84.344,2026-05-29T11:14:00.000Z,Vehicle,VH-0007,,,,,,,R-007,DRV-007,Driver 7,South DC,WH-South,Southeast,Active,26,146,,,,,,,,,,,,,,69,,,,,,,
VH-0007,33.848,-84.322,2026-05-29T11:26:00.000Z,Vehicle,VH-0007,,,,,,,R-007,DRV-007,Driver 7,South DC,WH-South,Southeast,Active,27,168,,,,,,,,,,,,,,70,,,,,,,
VH-0007,33.866,-84.3,2026-05-29T11:38:00.000Z,Vehicle,VH-0007,,,,,,,R-007,DRV-007,Driver 7,South DC,WH-South,Southeast,Active,28,190,,,,,,,,,,,,,,71,,,,,,,
VH-0007,33.884,-84.278,2026-05-29T11:50:00.000Z,Vehicle,VH-0007,,,,,,,R-007,DRV-007,Driver 7,South DC,WH-South,Southeast,Idle,0,212,,,,,,,,,,,,,,72,,,,,,,
VH-0008,41.9681,-87.5778,2026-05-29T10:50:00.000Z,Vehicle,VH-0008,,,,,,,R-008,DRV-008,Driver 8,Central DC,WH-Central,Central,Alert,25,119,,,,,,,,,,,,,,74,,,,,,,
VH-0008,41.9861,-87.5558,2026-05-29T11:02:00.000Z,Vehicle,VH-0008,,,,,,,R-008,DRV-008,Driver 8,Central DC,WH-Central,Central,Active,26,141,,,,,,,,,,,,,,75,,,,,,,
VH-0008,42.0041,-87.5338,2026-05-29T11:14:00.000Z,Vehicle,VH-0008,,,,,,,R-008,DRV-008,Driver 8,Central DC,WH-Central,Central,Active,27,163,,,,,,,,,,,,,,76,,,,,,,
VH-0008,42.0221,-87.5118,2026-05-29T11:26:00.000Z,Vehicle,VH-0008,,,,,,,R-008,DRV-008,Driver 8,Central DC,WH-Central,Central,Active,28,185,,,,,,,,,,,,,,77,,,,,,,
VH-0008,42.0401,-87.4898,2026-05-29T11:38:00.000Z,Vehicle,VH-0008,,,,,,,R-008,DRV-008,Driver 8,Central DC,WH-Central,Central,Idle,0,207,,,,,,,,,,,,,,78,,,,,,,
VH-0008,42.0581,-87.4678,2026-05-29T11:50:00.000Z,Vehicle,VH-0008,,,,,,,R-008,DRV-008,Driver 8,Central DC,WH-Central,Central,Delayed,30,229,,,,,,,,,,,,,,79,,,,,,,
VH-0009,34.1872,-118.1397,2026-05-29T10:50:00.000Z,Mobile Asset,VH-0009,AST-0009,,,,,,R-009,DRV-009,Driver 9,West DC,WH-West,West,Active,26,136,,,,,,,,,,,,,,81,38,,,,,,
VH-0009,34.2052,-118.1177,2026-05-29T11:02:00.000Z,Mobile Asset,VH-0009,AST-0009,,,,,,R-009,DRV-009,Driver 9,West DC,WH-West,West,Active,27,158,,,,,,,,,,,,,,82,39,,,,,,
VH-0009,34.2232,-118.0957,2026-05-29T11:14:00.000Z,Mobile Asset,VH-0009,AST-0009,,,,,,R-009,DRV-009,Driver 9,West DC,WH-West,West,Active,28,180,,,,,,,,,,,,,,83,40,,,,,,
VH-0009,34.2412,-118.0737,2026-05-29T11:26:00.000Z,Mobile Asset,VH-0009,AST-0009,,,,,,R-009,DRV-009,Driver 9,West DC,WH-West,West,Idle,0,202,,,,,,,,,,,,,,84,41,,,,,,
VH-0009,34.2592,-118.0517,2026-05-29T11:38:00.000Z,Mobile Asset,VH-0009,AST-0009,,,,,,R-009,DRV-009,Driver 9,West DC,WH-West,West,Delayed,30,224,,,,,,,,,,,,,,85,42,,,,,,
VH-0009,34.2772,-118.0297,2026-05-29T11:50:00.000Z,Mobile Asset,VH-0009,AST-0009,,,,,,R-009,DRV-009,Driver 9,West DC,WH-West,West,Offline,0,246,,,,,,,,,,,,,,86,43,,,,,,
VH-0010,32.9567,-96.641,2026-05-29T10:50:00.000Z,Vehicle,VH-0010,,,,,,,R-010,DRV-010,Driver 10,Texas Hub,WH-Texas,Southwest,Active,27,153,,,,,,,,,,,,,,88,,,,,,,
VH-0010,32.9747,-96.619,2026-05-29T11:02:00.000Z,Vehicle,VH-0010,,,,,,,R-010,DRV-010,Driver 10,Texas Hub,WH-Texas,Southwest,Active,28,175,,,,,,,,,,,,,,89,,,,,,,
VH-0010,32.9927,-96.597,2026-05-29T11:14:00.000Z,Vehicle,VH-0010,,,,,,,R-010,DRV-010,Driver 10,Texas Hub,WH-Texas,Southwest,Idle,0,197,,,,,,,,,,,,,,90,,,,,,,
VH-0010,33.0107,-96.575,2026-05-29T11:26:00.000Z,Vehicle,VH-0010,,,,,,,R-010,DRV-010,Driver 10,Texas Hub,WH-Texas,Southwest,Delayed,30,219,,,,,,,,,,,,,,91,,,,,,,
VH-0010,33.0287,-96.553,2026-05-29T11:38:00.000Z,Vehicle,VH-0010,,,,,,,R-010,DRV-010,Driver 10,Texas Hub,WH-Texas,Southwest,Offline,0,241,,,,,,,,,,,,,,92,,,,,,,
VH-0010,33.0467,-96.531,2026-05-29T11:50:00.000Z,Vehicle,VH-0010,,,,,,,R-010,DRV-010,Driver 10,Texas Hub,WH-Texas,Southwest,Maintenance,32,263,,,,,,,,,,,,,,93,,,,Inspection due,,,
VH-0011,40.9607,-73.7272,2026-05-29T10:50:00.000Z,Vehicle,VH-0011,,,,,,,R-011,DRV-011,Driver 11,North DC,WH-North,Northeast,Active,28,170,,,,,,,,,,,,,,95,,,,,,,
VH-0011,40.9787,-73.7052,2026-05-29T11:02:00.000Z,Vehicle,VH-0011,,,,,,,R-011,DRV-011,Driver 11,North DC,WH-North,Northeast,Idle,0,192,,,,,,,,,,,,,,96,,,,,,,
VH-0011,40.9967,-73.6832,2026-05-29T11:14:00.000Z,Vehicle,VH-0011,,,,,,,R-011,DRV-011,Driver 11,North DC,WH-North,Northeast,Delayed,30,214,,,,,,,,,,,,,,97,,,,,,,
VH-0011,41.0147,-73.6612,2026-05-29T11:26:00.000Z,Vehicle,VH-0011,,,,,,,R-011,DRV-011,Driver 11,North DC,WH-North,Northeast,Offline,0,236,,,,,,,,,,,,,,25,,,,,,,
VH-0011,41.0327,-73.6392,2026-05-29T11:38:00.000Z,Vehicle,VH-0011,,,,,,,R-011,DRV-011,Driver 11,North DC,WH-North,Northeast,Maintenance,32,258,,,,,,,,,,,,,,26,,,,Inspection due,,,
VH-0011,41.0507,-73.6172,2026-05-29T11:50:00.000Z,Vehicle,VH-0011,,,,,,,R-011,DRV-011,Driver 11,North DC,WH-North,Northeast,Alert,33,280,,,,,,,,,,,,,,27,,,,,,,
VH-0012,33.524,-84.128,2026-05-29T10:50:00.000Z,Vehicle,VH-0012,,,,,,,R-012,DRV-012,Driver 12,South DC,WH-South,Southeast,Idle,0,187,,,,,,,,,,,,,,29,,,,,,,
VH-0012,33.542,-84.106,2026-05-29T11:02:00.000Z,Vehicle,VH-0012,,,,,,,R-012,DRV-012,Driver 12,South DC,WH-South,Southeast,Delayed,30,209,,,,,,,,,,,,,,30,,,,,,,
VH-0012,33.56,-84.084,2026-05-29T11:14:00.000Z,Vehicle,VH-0012,,,,,,,R-012,DRV-012,Driver 12,South DC,WH-South,Southeast,Offline,0,231,,,,,,,,,,,,,,31,,,,,,,
VH-0012,33.578,-84.062,2026-05-29T11:26:00.000Z,Vehicle,VH-0012,,,,,,,R-012,DRV-012,Driver 12,South DC,WH-South,Southeast,Maintenance,32,253,,,,,,,,,,,,,,32,,,,Inspection due,,,
VH-0012,33.596,-84.04,2026-05-29T11:38:00.000Z,Vehicle,VH-0012,,,,,,,R-012,DRV-012,Driver 12,South DC,WH-South,Southeast,Alert,33,275,,,,,,,,,,,,,,33,,,,,,,
VH-0012,33.614,-84.018,2026-05-29T11:50:00.000Z,Vehicle,VH-0012,,,,,,,R-012,DRV-012,Driver 12,South DC,WH-South,Southeast,Active,34,297,,,,,,,,,,,,,,34,,,,,,,
VH-0013,41.6981,-87.3178,2026-05-29T10:50:00.000Z,Vehicle,VH-0013,,,,,,,R-013,DRV-013,Driver 13,Central DC,WH-Central,Central,Delayed,30,204,,,,,,,,,,,,,,36,,,,,,,
VH-0013,41.7161,-87.2958,2026-05-29T11:02:00.000Z,Vehicle,VH-0013,,,,,,,R-013,DRV-013,Driver 13,Central DC,WH-Central,Central,Offline,0,226,,,,,,,,,,,,,,37,,,,,,,
VH-0013,41.7341,-87.2738,2026-05-29T11:14:00.000Z,Vehicle,VH-0013,,,,,,,R-013,DRV-013,Driver 13,Central DC,WH-Central,Central,Maintenance,32,248,,,,,,,,,,,,,,38,,,,Inspection due,,,
VH-0013,41.7521,-87.2518,2026-05-29T11:26:00.000Z,Vehicle,VH-0013,,,,,,,R-013,DRV-013,Driver 13,Central DC,WH-Central,Central,Alert,33,270,,,,,,,,,,,,,,39,,,,,,,
VH-0013,41.7701,-87.2298,2026-05-29T11:38:00.000Z,Vehicle,VH-0013,,,,,,,R-013,DRV-013,Driver 13,Central DC,WH-Central,Central,Active,34,292,,,,,,,,,,,,,,40,,,,,,,
VH-0013,41.7881,-87.2078,2026-05-29T11:50:00.000Z,Vehicle,VH-0013,,,,,,,R-013,DRV-013,Driver 13,Central DC,WH-Central,Central,Active,35,314,,,,,,,,,,,,,,41,,,,,,,
VH-0014,33.9172,-118.5557,2026-05-29T10:50:00.000Z,Vehicle,VH-0014,,,,,,,R-014,DRV-014,Driver 14,West DC,WH-West,West,Offline,0,221,,,,,,,,,,,,,,43,,,,,,,
VH-0014,33.9352,-118.5337,2026-05-29T11:02:00.000Z,Vehicle,VH-0014,,,,,,,R-014,DRV-014,Driver 14,West DC,WH-West,West,Maintenance,32,243,,,,,,,,,,,,,,44,,,,Inspection due,,,
VH-0014,33.9532,-118.5117,2026-05-29T11:14:00.000Z,Vehicle,VH-0014,,,,,,,R-014,DRV-014,Driver 14,West DC,WH-West,West,Alert,33,265,,,,,,,,,,,,,,45,,,,,,,
VH-0014,33.9712,-118.4897,2026-05-29T11:26:00.000Z,Vehicle,VH-0014,,,,,,,R-014,DRV-014,Driver 14,West DC,WH-West,West,Active,34,287,,,,,,,,,,,,,,46,,,,,,,
VH-0014,33.9892,-118.4677,2026-05-29T11:38:00.000Z,Vehicle,VH-0014,,,,,,,R-014,DRV-014,Driver 14,West DC,WH-West,West,Active,35,309,,,,,,,,,,,,,,47,,,,,,,
VH-0014,34.0072,-118.4457,2026-05-29T11:50:00.000Z,Vehicle,VH-0014,,,,,,,R-014,DRV-014,Driver 14,West DC,WH-West,West,Active,36,331,,,,,,,,,,,,,,48,,,,,,,
VH-0015,32.6867,-97.057,2026-05-29T10:50:00.000Z,Vehicle,VH-0015,,,,,,,R-015,DRV-015,Driver 15,Texas Hub,WH-Texas,Southwest,Maintenance,32,238,,,,,,,,,,,,,,50,,,,Inspection due,,,
VH-0015,32.7047,-97.035,2026-05-29T11:02:00.000Z,Vehicle,VH-0015,,,,,,,R-015,DRV-015,Driver 15,Texas Hub,WH-Texas,Southwest,Alert,33,260,,,,,,,,,,,,,,51,,,,,,,
VH-0015,32.7227,-97.013,2026-05-29T11:14:00.000Z,Vehicle,VH-0015,,,,,,,R-015,DRV-015,Driver 15,Texas Hub,WH-Texas,Southwest,Active,34,282,,,,,,,,,,,,,,52,,,,,,,
VH-0015,32.7407,-96.991,2026-05-29T11:26:00.000Z,Vehicle,VH-0015,,,,,,,R-015,DRV-015,Driver 15,Texas Hub,WH-Texas,Southwest,Active,35,304,,,,,,,,,,,,,,53,,,,,,,
VH-0015,32.7587,-96.969,2026-05-29T11:38:00.000Z,Vehicle,VH-0015,,,,,,,R-015,DRV-015,Driver 15,Texas Hub,WH-Texas,Southwest,Active,36,326,,,,,,,,,,,,,,54,,,,,,,
VH-0015,32.7767,-96.947,2026-05-29T11:50:00.000Z,Vehicle,VH-0015,,,,,,,R-015,DRV-015,Driver 15,Texas Hub,WH-Texas,Southwest,Idle,0,348,,,,,,,,,,,,,,55,,,,,,,
VH-0016,40.6907,-74.1432,2026-05-29T10:50:00.000Z,Vehicle,VH-0016,,,,,,,R-016,DRV-016,Driver 16,North DC,WH-North,Northeast,Alert,33,255,,,,,,,,,,,,,,57,,,,,,,
VH-0016,40.7087,-74.1212,2026-05-29T11:02:00.000Z,Vehicle,VH-0016,,,,,,,R-016,DRV-016,Driver 16,North DC,WH-North,Northeast,Active,34,277,,,,,,,,,,,,,,58,,,,,,,
VH-0016,40.7267,-74.0992,2026-05-29T11:14:00.000Z,Vehicle,VH-0016,,,,,,,R-016,DRV-016,Driver 16,North DC,WH-North,Northeast,Active,35,299,,,,,,,,,,,,,,59,,,,,,,
VH-0016,40.7447,-74.0772,2026-05-29T11:26:00.000Z,Vehicle,VH-0016,,,,,,,R-016,DRV-016,Driver 16,North DC,WH-North,Northeast,Active,36,321,,,,,,,,,,,,,,60,,,,,,,
VH-0016,40.7627,-74.0552,2026-05-29T11:38:00.000Z,Vehicle,VH-0016,,,,,,,R-016,DRV-016,Driver 16,North DC,WH-North,Northeast,Idle,0,343,,,,,,,,,,,,,,61,,,,,,,
VH-0016,40.7807,-74.0332,2026-05-29T11:50:00.000Z,Vehicle,VH-0016,,,,,,,R-016,DRV-016,Driver 16,North DC,WH-North,Northeast,Delayed,38,5,,,,,,,,,,,,,,62,,,,,,,
VH-0017,33.749,-84.544,2026-05-29T10:50:00.000Z,Mobile Asset,VH-0017,AST-0017,,,,,,R-017,DRV-017,Driver 17,South DC,WH-South,Southeast,Active,34,272,,,,,,,,,,,,,,64,46,,,,,,
VH-0017,33.767,-84.522,2026-05-29T11:02:00.000Z,Mobile Asset,VH-0017,AST-0017,,,,,,R-017,DRV-017,Driver 17,South DC,WH-South,Southeast,Active,35,294,,,,,,,,,,,,,,65,47,,,,,,
VH-0017,33.785,-84.5,2026-05-29T11:14:00.000Z,Mobile Asset,VH-0017,AST-0017,,,,,,R-017,DRV-017,Driver 17,South DC,WH-South,Southeast,Active,36,316,,,,,,,,,,,,,,66,48,,,,,,
VH-0017,33.803,-84.478,2026-05-29T11:26:00.000Z,Mobile Asset,VH-0017,AST-0017,,,,,,R-017,DRV-017,Driver 17,South DC,WH-South,Southeast,Idle,0,338,,,,,,,,,,,,,,67,49,,,,,,
VH-0017,33.821,-84.456,2026-05-29T11:38:00.000Z,Mobile Asset,VH-0017,AST-0017,,,,,,R-017,DRV-017,Driver 17,South DC,WH-South,Southeast,Delayed,38,0,,,,,,,,,,,,,,68,50,,,,,,
VH-0017,33.839,-84.434,2026-05-29T11:50:00.000Z,Mobile Asset,VH-0017,AST-0017,,,,,,R-017,DRV-017,Driver 17,South DC,WH-South,Southeast,Offline,0,22,,,,,,,,,,,,,,69,51,,,,,,
VH-0018,41.9231,-87.7338,2026-05-29T09:00:00.000Z,Vehicle,VH-0018,,,,,,,R-018,DRV-018,Driver 18,Central DC,WH-Central,Central,Active,35,289,,,,,,,,,,,,,,71,,,,,,,
VH-0018,41.9411,-87.7118,2026-05-29T08:25:00.000Z,Vehicle,VH-0018,,,,,,,R-018,DRV-018,Driver 18,Central DC,WH-Central,Central,Active,36,311,,,,,,,,,,,,,,72,,,,,,,
VH-0018,41.9591,-87.6898,2026-05-29T07:50:00.000Z,Vehicle,VH-0018,,,,,,,R-018,DRV-018,Driver 18,Central DC,WH-Central,Central,Idle,0,333,,,,,,,,,,,,,,73,,,,,,,
VH-0018,41.9771,-87.6678,2026-05-29T07:15:00.000Z,Vehicle,VH-0018,,,,,,,R-018,DRV-018,Driver 18,Central DC,WH-Central,Central,Delayed,38,355,,,,,,,,,,,,,,74,,,,,,,
VH-0018,41.9951,-87.6458,2026-05-29T06:40:00.000Z,Vehicle,VH-0018,,,,,,,R-018,DRV-018,Driver 18,Central DC,WH-Central,Central,Offline,0,17,,,,,,,,,,,,,,75,,,,,,,
VH-0018,42.0131,-87.6238,2026-05-29T06:05:00.000Z,Vehicle,VH-0018,,,,,,,R-018,DRV-018,Driver 18,Central DC,WH-Central,Central,Maintenance,40,39,,,,,,,,,,,,,,76,,,,Inspection due,,,
VH-0019,34.1422,-118.2957,2026-05-29T10:50:00.000Z,Vehicle,VH-0019,,,,,,,R-001,DRV-019,Driver 19,West DC,WH-West,West,Active,36,306,,,,,,,,,,,,,,78,,,,,,,
VH-0019,34.1602,-118.2737,2026-05-29T11:02:00.000Z,Vehicle,VH-0019,,,,,,,R-001,DRV-019,Driver 19,West DC,WH-West,West,Idle,0,328,,,,,,,,,,,,,,79,,,,,,,
VH-0019,34.1782,-118.2517,2026-05-29T11:14:00.000Z,Vehicle,VH-0019,,,,,,,R-001,DRV-019,Driver 19,West DC,WH-West,West,Delayed,38,350,,,,,,,,,,,,,,80,,,,,,,
VH-0019,34.1962,-118.2297,2026-05-29T11:26:00.000Z,Vehicle,VH-0019,,,,,,,R-001,DRV-019,Driver 19,West DC,WH-West,West,Offline,0,12,,,,,,,,,,,,,,81,,,,,,,
VH-0019,34.2142,-118.2077,2026-05-29T11:38:00.000Z,Vehicle,VH-0019,,,,,,,R-001,DRV-019,Driver 19,West DC,WH-West,West,Maintenance,40,34,,,,,,,,,,,,,,82,,,,Inspection due,,,
VH-0019,34.2322,-118.1857,2026-05-29T11:50:00.000Z,Vehicle,VH-0019,,,,,,,R-001,DRV-019,Driver 19,West DC,WH-West,West,Alert,41,56,,,,,,,,,,,,,,83,,,,,,,
VH-0020,32.9117,-96.797,2026-05-29T10:50:00.000Z,Vehicle,VH-0020,,,,,,,R-002,DRV-020,Driver 20,Texas Hub,WH-Texas,Southwest,Idle,0,323,,,,,,,,,,,,,,85,,,,,,,
VH-0020,32.9297,-96.775,2026-05-29T11:02:00.000Z,Vehicle,VH-0020,,,,,,,R-002,DRV-020,Driver 20,Texas Hub,WH-Texas,Southwest,Delayed,38,345,,,,,,,,,,,,,,86,,,,,,,
VH-0020,32.9477,-96.753,2026-05-29T11:14:00.000Z,Vehicle,VH-0020,,,,,,,R-002,DRV-020,Driver 20,Texas Hub,WH-Texas,Southwest,Offline,0,7,,,,,,,,,,,,,,87,,,,,,,
VH-0020,32.9657,-96.731,2026-05-29T11:26:00.000Z,Vehicle,VH-0020,,,,,,,R-002,DRV-020,Driver 20,Texas Hub,WH-Texas,Southwest,Maintenance,40,29,,,,,,,,,,,,,,88,,,,Inspection due,,,
VH-0020,32.9837,-96.709,2026-05-29T11:38:00.000Z,Vehicle,VH-0020,,,,,,,R-002,DRV-020,Driver 20,Texas Hub,WH-Texas,Southwest,Alert,41,51,,,,,,,,,,,,,,89,,,,,,,
VH-0020,33.0017,-96.687,2026-05-29T11:50:00.000Z,Vehicle,VH-0020,,,,,,,R-002,DRV-020,Driver 20,Texas Hub,WH-Texas,Southwest,Active,42,73,,,,,,,,,,,,,,90,,,,,,,
VH-0021,40.9157,-73.8832,2026-05-29T10:50:00.000Z,Vehicle,VH-0021,,,,,,,R-003,DRV-021,Driver 21,North DC,WH-North,Northeast,Delayed,38,340,,,,,,,,,,,,,,92,,,,,,,
VH-0021,40.9337,-73.8612,2026-05-29T11:02:00.000Z,Vehicle,VH-0021,,,,,,,R-003,DRV-021,Driver 21,North DC,WH-North,Northeast,Offline,0,2,,,,,,,,,,,,,,93,,,,,,,
VH-0021,40.9517,-73.8392,2026-05-29T11:14:00.000Z,Vehicle,VH-0021,,,,,,,R-003,DRV-021,Driver 21,North DC,WH-North,Northeast,Maintenance,40,24,,,,,,,,,,,,,,94,,,,Inspection due,,,
VH-0021,40.9697,-73.8172,2026-05-29T11:26:00.000Z,Vehicle,VH-0021,,,,,,,R-003,DRV-021,Driver 21,North DC,WH-North,Northeast,Alert,41,46,,,,,,,,,,,,,,95,,,,,,,
VH-0021,40.9877,-73.7952,2026-05-29T11:38:00.000Z,Vehicle,VH-0021,,,,,,,R-003,DRV-021,Driver 21,North DC,WH-North,Northeast,Active,42,68,,,,,,,,,,,,,,96,,,,,,,
VH-0021,41.0057,-73.7732,2026-05-29T11:50:00.000Z,Vehicle,VH-0021,,,,,,,R-003,DRV-021,Driver 21,North DC,WH-North,Northeast,Active,43,90,,,,,,,,,,,,,,97,,,,,,,
VH-0022,33.974,-84.284,2026-05-29T10:50:00.000Z,Vehicle,VH-0022,,,,,,,R-004,DRV-022,Driver 22,South DC,WH-South,Southeast,Offline,0,357,,,,,,,,,,,,,,26,,,,,,,
VH-0022,33.992,-84.262,2026-05-29T11:02:00.000Z,Vehicle,VH-0022,,,,,,,R-004,DRV-022,Driver 22,South DC,WH-South,Southeast,Maintenance,40,19,,,,,,,,,,,,,,27,,,,Inspection due,,,
VH-0022,34.01,-84.24,2026-05-29T11:14:00.000Z,Vehicle,VH-0022,,,,,,,R-004,DRV-022,Driver 22,South DC,WH-South,Southeast,Alert,41,41,,,,,,,,,,,,,,28,,,,,,,
VH-0022,34.028,-84.218,2026-05-29T11:26:00.000Z,Vehicle,VH-0022,,,,,,,R-004,DRV-022,Driver 22,South DC,WH-South,Southeast,Active,42,63,,,,,,,,,,,,,,29,,,,,,,
VH-0022,34.046,-84.196,2026-05-29T11:38:00.000Z,Vehicle,VH-0022,,,,,,,R-004,DRV-022,Driver 22,South DC,WH-South,Southeast,Active,43,85,,,,,,,,,,,,,,30,,,,,,,
VH-0022,34.064,-84.174,2026-05-29T11:50:00.000Z,Vehicle,VH-0022,,,,,,,R-004,DRV-022,Driver 22,South DC,WH-South,Southeast,Active,44,107,,,,,,,,,,,,,,31,,,,,,,
VH-0023,41.6531,-87.4738,2026-05-29T10:50:00.000Z,Vehicle,VH-0023,,,,,,,R-005,DRV-023,Driver 23,Central DC,WH-Central,Central,Maintenance,40,14,,,,,,,,,,,,,,33,,,,Inspection due,,,
VH-0023,41.6711,-87.4518,2026-05-29T11:02:00.000Z,Vehicle,VH-0023,,,,,,,R-005,DRV-023,Driver 23,Central DC,WH-Central,Central,Alert,41,36,,,,,,,,,,,,,,34,,,,,,,
VH-0023,41.6891,-87.4298,2026-05-29T11:14:00.000Z,Vehicle,VH-0023,,,,,,,R-005,DRV-023,Driver 23,Central DC,WH-Central,Central,Active,42,58,,,,,,,,,,,,,,35,,,,,,,
VH-0023,41.7071,-87.4078,2026-05-29T11:26:00.000Z,Vehicle,VH-0023,,,,,,,R-005,DRV-023,Driver 23,Central DC,WH-Central,Central,Active,43,80,,,,,,,,,,,,,,36,,,,,,,
VH-0023,41.7251,-87.3858,2026-05-29T11:38:00.000Z,Vehicle,VH-0023,,,,,,,R-005,DRV-023,Driver 23,Central DC,WH-Central,Central,Active,44,102,,,,,,,,,,,,,,37,,,,,,,
VH-0023,41.7431,-87.3638,2026-05-29T11:50:00.000Z,Vehicle,VH-0023,,,,,,,R-005,DRV-023,Driver 23,Central DC,WH-Central,Central,Idle,0,124,,,,,,,,,,,,,,38,,,,,,,
VH-0024,33.8722,-118.0357,2026-05-29T10:50:00.000Z,Vehicle,VH-0024,,,,,,,R-006,DRV-024,Driver 24,West DC,WH-West,West,Alert,41,31,true,,,,,,,,,,,,,40,,,,,,,
VH-0024,33.8902,-118.0137,2026-05-29T11:02:00.000Z,Vehicle,VH-0024,,,,,,,R-006,DRV-024,Driver 24,West DC,WH-West,West,Alert,42,53,true,,,,,,,,,,,,,41,,,,,,,
VH-0024,33.9082,-117.9917,2026-05-29T11:14:00.000Z,Vehicle,VH-0024,,,,,,,R-006,DRV-024,Driver 24,West DC,WH-West,West,Alert,43,75,true,,,,,,,,,,,,,42,,,,,,,
VH-0024,33.9262,-117.9697,2026-05-29T11:26:00.000Z,Vehicle,VH-0024,,,,,,,R-006,DRV-024,Driver 24,West DC,WH-West,West,Alert,44,97,true,,,,,,,,,,,,,43,,,,,,,
VH-0024,33.9442,-117.9477,2026-05-29T11:38:00.000Z,Vehicle,VH-0024,,,,,,,R-006,DRV-024,Driver 24,West DC,WH-West,West,Alert,45,119,true,,,,,,,,,,,,,44,,,,,,,
VH-0024,33.9622,-117.9257,2026-05-29T11:50:00.000Z,Vehicle,VH-0024,,,,,,,R-006,DRV-024,Driver 24,West DC,WH-West,West,Alert,46,141,true,,,,,,,,,,,,,45,,,,,,,
VH-0025,32.6417,-96.537,2026-05-29T10:50:00.000Z,Mobile Asset,VH-0025,AST-0025,,,,,,R-007,DRV-025,Driver 25,Texas Hub,WH-Texas,Southwest,Active,42,48,,,,,,,,,,,,,,47,54,,,,,,
VH-0025,32.6597,-96.515,2026-05-29T11:02:00.000Z,Mobile Asset,VH-0025,AST-0025,,,,,,R-007,DRV-025,Driver 25,Texas Hub,WH-Texas,Southwest,Active,43,70,,,,,,,,,,,,,,48,55,,,,,,
VH-0025,32.6777,-96.493,2026-05-29T11:14:00.000Z,Mobile Asset,VH-0025,AST-0025,,,,,,R-007,DRV-025,Driver 25,Texas Hub,WH-Texas,Southwest,Active,44,92,,,,,,,,,,,,,,49,56,,,,,,
VH-0025,32.6957,-96.471,2026-05-29T11:26:00.000Z,Mobile Asset,VH-0025,AST-0025,,,,,,R-007,DRV-025,Driver 25,Texas Hub,WH-Texas,Southwest,Idle,0,114,,,,,,,,,,,,,,50,57,,,,,,
VH-0025,32.7137,-96.449,2026-05-29T11:38:00.000Z,Mobile Asset,VH-0025,AST-0025,,,,,,R-007,DRV-025,Driver 25,Texas Hub,WH-Texas,Southwest,Delayed,46,136,,,,,,,,,,,,,,51,58,,,,,,
VH-0025,32.7317,-96.427,2026-05-29T11:50:00.000Z,Mobile Asset,VH-0025,AST-0025,,,,,,R-007,DRV-025,Driver 25,Texas Hub,WH-Texas,Southwest,Offline,0,158,,,,,,,,,,,,,,52,59,,,,,,
VH-0026,40.6457,-73.6232,2026-05-29T10:50:00.000Z,Vehicle,VH-0026,,,,,,,R-008,DRV-026,Driver 26,North DC,WH-North,Northeast,Active,43,65,,,,,,,,,,,,,,54,,,,,,,
VH-0026,40.6637,-73.6012,2026-05-29T11:02:00.000Z,Vehicle,VH-0026,,,,,,,R-008,DRV-026,Driver 26,North DC,WH-North,Northeast,Active,44,87,,,,,,,,,,,,,,55,,,,,,,
VH-0026,40.6817,-73.5792,2026-05-29T11:14:00.000Z,Vehicle,VH-0026,,,,,,,R-008,DRV-026,Driver 26,North DC,WH-North,Northeast,Idle,0,109,,,,,,,,,,,,,,56,,,,,,,
VH-0026,40.6997,-73.5572,2026-05-29T11:26:00.000Z,Vehicle,VH-0026,,,,,,,R-008,DRV-026,Driver 26,North DC,WH-North,Northeast,Delayed,46,131,,,,,,,,,,,,,,57,,,,,,,
VH-0026,40.7177,-73.5352,2026-05-29T11:38:00.000Z,Vehicle,VH-0026,,,,,,,R-008,DRV-026,Driver 26,North DC,WH-North,Northeast,Offline,0,153,,,,,,,,,,,,,,58,,,,,,,
VH-0026,40.7357,-73.5132,2026-05-29T11:50:00.000Z,Vehicle,VH-0026,,,,,,,R-008,DRV-026,Driver 26,North DC,WH-North,Northeast,Maintenance,48,175,,,,,,,,,,,,,,59,,,,Inspection due,,,
VH-0027,33.704,-84.7,2026-05-29T10:50:00.000Z,Vehicle,VH-0027,,,,,,,R-009,DRV-027,Driver 27,South DC,WH-South,Southeast,Active,44,82,,,,,,,,,,,,,,61,,,,,,,
VH-0027,33.722,-84.678,2026-05-29T11:02:00.000Z,Vehicle,VH-0027,,,,,,,R-009,DRV-027,Driver 27,South DC,WH-South,Southeast,Idle,0,104,,,,,,,,,,,,,,62,,,,,,,
VH-0027,33.74,-84.656,2026-05-29T11:14:00.000Z,Vehicle,VH-0027,,,,,,,R-009,DRV-027,Driver 27,South DC,WH-South,Southeast,Delayed,46,126,,,,,,,,,,,,,,63,,,,,,,
VH-0027,33.758,-84.634,2026-05-29T11:26:00.000Z,Vehicle,VH-0027,,,,,,,R-009,DRV-027,Driver 27,South DC,WH-South,Southeast,Offline,0,148,,,,,,,,,,,,,,64,,,,,,,
VH-0027,33.776,-84.612,2026-05-29T11:38:00.000Z,Vehicle,VH-0027,,,,,,,R-009,DRV-027,Driver 27,South DC,WH-South,Southeast,Maintenance,48,170,,,,,,,,,,,,,,65,,,,Inspection due,,,
VH-0027,33.794,-84.59,2026-05-29T11:50:00.000Z,Vehicle,VH-0027,,,,,,,R-009,DRV-027,Driver 27,South DC,WH-South,Southeast,Alert,49,192,,,,,,,,,,,,,,66,,,,,,,
VH-0028,41.8781,-87.8898,2026-05-29T10:50:00.000Z,Vehicle,VH-0028,,,,,,,R-010,DRV-028,Driver 28,Central DC,WH-Central,Central,Idle,0,99,,,,,,,,,,,,,,68,,,,,,,
VH-0028,41.8961,-87.8678,2026-05-29T11:02:00.000Z,Vehicle,VH-0028,,,,,,,R-010,DRV-028,Driver 28,Central DC,WH-Central,Central,Delayed,46,121,,,,,,,,,,,,,,69,,,,,,,
VH-0028,41.9141,-87.8458,2026-05-29T11:14:00.000Z,Vehicle,VH-0028,,,,,,,R-010,DRV-028,Driver 28,Central DC,WH-Central,Central,Offline,0,143,,,,,,,,,,,,,,70,,,,,,,
VH-0028,41.9321,-87.8238,2026-05-29T11:26:00.000Z,Vehicle,VH-0028,,,,,,,R-010,DRV-028,Driver 28,Central DC,WH-Central,Central,Maintenance,48,165,,,,,,,,,,,,,,71,,,,Inspection due,,,
VH-0028,41.9501,-87.8018,2026-05-29T11:38:00.000Z,Vehicle,VH-0028,,,,,,,R-010,DRV-028,Driver 28,Central DC,WH-Central,Central,Alert,49,187,,,,,,,,,,,,,,72,,,,,,,
VH-0028,41.9681,-87.7798,2026-05-29T11:50:00.000Z,Vehicle,VH-0028,,,,,,,R-010,DRV-028,Driver 28,Central DC,WH-Central,Central,Active,50,209,,,,,,,,,,,,,,73,,,,,,,
VH-0029,34.0972,-118.4517,2026-05-29T10:50:00.000Z,Vehicle,VH-0029,,,,,,,R-011,DRV-029,Driver 29,West DC,WH-West,West,Delayed,46,116,,,,,,,,,,,,,,75,,,,,,,
VH-0029,34.1152,-118.4297,2026-05-29T11:02:00.000Z,Vehicle,VH-0029,,,,,,,R-011,DRV-029,Driver 29,West DC,WH-West,West,Offline,0,138,,,,,,,,,,,,,,76,,,,,,,
VH-0029,34.1332,-118.4077,2026-05-29T11:14:00.000Z,Vehicle,VH-0029,,,,,,,R-011,DRV-029,Driver 29,West DC,WH-West,West,Maintenance,48,160,,,,,,,,,,,,,,77,,,,Inspection due,,,
VH-0029,34.1512,-118.3857,2026-05-29T11:26:00.000Z,Vehicle,VH-0029,,,,,,,R-011,DRV-029,Driver 29,West DC,WH-West,West,Alert,49,182,,,,,,,,,,,,,,78,,,,,,,
VH-0029,34.1692,-118.3637,2026-05-29T11:38:00.000Z,Vehicle,VH-0029,,,,,,,R-011,DRV-029,Driver 29,West DC,WH-West,West,Active,50,204,,,,,,,,,,,,,,79,,,,,,,
VH-0029,34.1872,-118.3417,2026-05-29T11:50:00.000Z,Vehicle,VH-0029,,,,,,,R-011,DRV-029,Driver 29,West DC,WH-West,West,Active,51,226,,,,,,,,,,,,,,80,,,,,,,
VH-0030,32.8667,-96.953,2026-05-29T10:50:00.000Z,Vehicle,VH-0030,,,,,,,R-012,DRV-030,Driver 30,Texas Hub,WH-Texas,Southwest,Offline,0,133,,,,,,,,,,,,,,82,,,,,,,
VH-0030,32.8847,-96.931,2026-05-29T11:02:00.000Z,Vehicle,VH-0030,,,,,,,R-012,DRV-030,Driver 30,Texas Hub,WH-Texas,Southwest,Offline,0,155,,,,,,,,,,,,,,83,,,,,,,
VH-0030,32.9027,-96.909,2026-05-29T11:14:00.000Z,Vehicle,VH-0030,,,,,,,R-012,DRV-030,Driver 30,Texas Hub,WH-Texas,Southwest,Offline,0,177,,,,,,,,,,,,,,84,,,,,,,
VH-0030,32.9207,-96.887,2026-05-29T11:26:00.000Z,Vehicle,VH-0030,,,,,,,R-012,DRV-030,Driver 30,Texas Hub,WH-Texas,Southwest,Offline,0,199,,,,,,,,,,,,,,85,,,,,,,
VH-0030,32.9387,-96.865,2026-05-29T11:38:00.000Z,Vehicle,VH-0030,,,,,,,R-012,DRV-030,Driver 30,Texas Hub,WH-Texas,Southwest,Offline,0,221,,,,,,,,,,,,,,86,,,,,,,
VH-0030,32.9567,-96.843,2026-05-29T11:50:00.000Z,Vehicle,VH-0030,,,,,,,R-012,DRV-030,Driver 30,Texas Hub,WH-Texas,Southwest,Offline,0,243,,,,,,,,,,,,,,87,,,,,,,
VH-0031,40.8707,-74.0392,2026-05-29T10:50:00.000Z,Vehicle,VH-0031,,,,,,,R-013,DRV-031,Driver 31,North DC,WH-North,Northeast,Maintenance,48,150,,,,,,,,,,,,,,89,,,,Inspection due,,,
VH-0031,40.8887,-74.0172,2026-05-29T11:02:00.000Z,Vehicle,VH-0031,,,,,,,R-013,DRV-031,Driver 31,North DC,WH-North,Northeast,Alert,49,172,,,,,,,,,,,,,,90,,,,,,,
VH-0031,40.9067,-73.9952,2026-05-29T11:14:00.000Z,Vehicle,VH-0031,,,,,,,R-013,DRV-031,Driver 31,North DC,WH-North,Northeast,Active,50,194,,,,,,,,,,,,,,91,,,,,,,
VH-0031,40.9247,-73.9732,2026-05-29T11:26:00.000Z,Vehicle,VH-0031,,,,,,,R-013,DRV-031,Driver 31,North DC,WH-North,Northeast,Active,51,216,,,,,,,,,,,,,,92,,,,,,,
VH-0031,40.9427,-73.9512,2026-05-29T11:38:00.000Z,Vehicle,VH-0031,,,,,,,R-013,DRV-031,Driver 31,North DC,WH-North,Northeast,Active,52,238,,,,,,,,,,,,,,93,,,,,,,
VH-0031,40.9607,-73.9292,2026-05-29T11:50:00.000Z,Vehicle,VH-0031,,,,,,,R-013,DRV-031,Driver 31,North DC,WH-North,Northeast,Idle,0,260,,,,,,,,,,,,,,94,,,,,,,
VH-0032,33.929,-84.44,2026-05-29T10:50:00.000Z,Vehicle,VH-0032,,,,,,,R-014,DRV-032,Driver 32,South DC,WH-South,Southeast,Alert,49,167,,,,,,,,,,,,,,96,,,,,,,
VH-0032,33.947,-84.418,2026-05-29T11:02:00.000Z,Vehicle,VH-0032,,,,,,,R-014,DRV-032,Driver 32,South DC,WH-South,Southeast,Active,50,189,,,,,,,,,,,,,,97,,,,,,,
VH-0032,33.965,-84.396,2026-05-29T11:14:00.000Z,Vehicle,VH-0032,,,,,,,R-014,DRV-032,Driver 32,South DC,WH-South,Southeast,Active,51,211,,,,,,,,,,,,,,25,,,,,,,
VH-0032,33.983,-84.374,2026-05-29T11:26:00.000Z,Vehicle,VH-0032,,,,,,,R-014,DRV-032,Driver 32,South DC,WH-South,Southeast,Active,52,233,,,,,,,,,,,,,,26,,,,,,,
VH-0032,34.001,-84.352,2026-05-29T11:38:00.000Z,Vehicle,VH-0032,,,,,,,R-014,DRV-032,Driver 32,South DC,WH-South,Southeast,Idle,0,255,,,,,,,,,,,,,,27,,,,,,,
VH-0032,34.019,-84.33,2026-05-29T11:50:00.000Z,Vehicle,VH-0032,,,,,,,R-014,DRV-032,Driver 32,South DC,WH-South,Southeast,Delayed,54,277,,,,,,,,,,,,,,28,,,,,,,
VH-0033,42.1031,-87.6298,2026-05-29T10:50:00.000Z,Mobile Asset,VH-0033,AST-0033,,,,,,R-015,DRV-033,Driver 33,Central DC,WH-Central,Central,Active,50,184,,,,,,,,,,,,,,30,62,,,,,,
VH-0033,42.1211,-87.6078,2026-05-29T11:02:00.000Z,Mobile Asset,VH-0033,AST-0033,,,,,,R-015,DRV-033,Driver 33,Central DC,WH-Central,Central,Active,51,206,,,,,,,,,,,,,,31,63,,,,,,
VH-0033,42.1391,-87.5858,2026-05-29T11:14:00.000Z,Mobile Asset,VH-0033,AST-0033,,,,,,R-015,DRV-033,Driver 33,Central DC,WH-Central,Central,Active,52,228,,,,,,,,,,,,,,32,64,,,,,,
VH-0033,42.1571,-87.5638,2026-05-29T11:26:00.000Z,Mobile Asset,VH-0033,AST-0033,,,,,,R-015,DRV-033,Driver 33,Central DC,WH-Central,Central,Idle,0,250,,,,,,,,,,,,,,33,65,,,,,,
VH-0033,42.1751,-87.5418,2026-05-29T11:38:00.000Z,Mobile Asset,VH-0033,AST-0033,,,,,,R-015,DRV-033,Driver 33,Central DC,WH-Central,Central,Delayed,54,272,,,,,,,,,,,,,,34,66,,,,,,
VH-0033,42.1931,-87.5198,2026-05-29T11:50:00.000Z,Mobile Asset,VH-0033,AST-0033,,,,,,R-015,DRV-033,Driver 33,Central DC,WH-Central,Central,Offline,0,294,,,,,,,,,,,,,,35,67,,,,,,
VH-0034,33.8272,-118.1917,2026-05-29T10:50:00.000Z,Vehicle,VH-0034,,,,,,,R-016,DRV-034,Driver 34,West DC,WH-West,West,Active,51,201,,,,,,,,,,,,,,37,,,,,,,
VH-0034,33.8452,-118.1697,2026-05-29T11:02:00.000Z,Vehicle,VH-0034,,,,,,,R-016,DRV-034,Driver 34,West DC,WH-West,West,Active,52,223,,,,,,,,,,,,,,38,,,,,,,
VH-0034,33.8632,-118.1477,2026-05-29T11:14:00.000Z,Vehicle,VH-0034,,,,,,,R-016,DRV-034,Driver 34,West DC,WH-West,West,Idle,0,245,,,,,,,,,,,,,,39,,,,,,,
VH-0034,33.8812,-118.1257,2026-05-29T11:26:00.000Z,Vehicle,VH-0034,,,,,,,R-016,DRV-034,Driver 34,West DC,WH-West,West,Delayed,54,267,,,,,,,,,,,,,,40,,,,,,,
VH-0034,33.8992,-118.1037,2026-05-29T11:38:00.000Z,Vehicle,VH-0034,,,,,,,R-016,DRV-034,Driver 34,West DC,WH-West,West,Offline,0,289,,,,,,,,,,,,,,41,,,,,,,
VH-0034,33.9172,-118.0817,2026-05-29T11:50:00.000Z,Vehicle,VH-0034,,,,,,,R-016,DRV-034,Driver 34,West DC,WH-West,West,Maintenance,56,311,,,,,,,,,,,,,,42,,,,Inspection due,,,
VH-0035,32.5967,-96.693,2026-05-29T09:00:00.000Z,Vehicle,VH-0035,,,,,,,R-017,DRV-035,Driver 35,Texas Hub,WH-Texas,Southwest,Active,52,218,,,,,,,,,,,,,,44,,,,,,,
VH-0035,32.6147,-96.671,2026-05-29T08:25:00.000Z,Vehicle,VH-0035,,,,,,,R-017,DRV-035,Driver 35,Texas Hub,WH-Texas,Southwest,Idle,0,240,,,,,,,,,,,,,,45,,,,,,,
VH-0035,32.6327,-96.649,2026-05-29T07:50:00.000Z,Vehicle,VH-0035,,,,,,,R-017,DRV-035,Driver 35,Texas Hub,WH-Texas,Southwest,Delayed,54,262,,,,,,,,,,,,,,46,,,,,,,
VH-0035,32.6507,-96.627,2026-05-29T07:15:00.000Z,Vehicle,VH-0035,,,,,,,R-017,DRV-035,Driver 35,Texas Hub,WH-Texas,Southwest,Offline,0,284,,,,,,,,,,,,,,47,,,,,,,
VH-0035,32.6687,-96.605,2026-05-29T06:40:00.000Z,Vehicle,VH-0035,,,,,,,R-017,DRV-035,Driver 35,Texas Hub,WH-Texas,Southwest,Maintenance,56,306,,,,,,,,,,,,,,48,,,,Inspection due,,,
VH-0035,32.6867,-96.583,2026-05-29T06:05:00.000Z,Vehicle,VH-0035,,,,,,,R-017,DRV-035,Driver 35,Texas Hub,WH-Texas,Southwest,Alert,57,328,,,,,,,,,,,,,,49,,,,,,,
VH-0036,40.6007,-73.7792,2026-05-29T10:50:00.000Z,Vehicle,VH-0036,,,,,,,R-018,DRV-036,Driver 36,North DC,WH-North,Northeast,Idle,0,235,,,,,,,,,,,,,,51,,,,,,,
VH-0036,40.6187,-73.7572,2026-05-29T11:02:00.000Z,Vehicle,VH-0036,,,,,,,R-018,DRV-036,Driver 36,North DC,WH-North,Northeast,Delayed,54,257,,,,,,,,,,,,,,52,,,,,,,
VH-0036,40.6367,-73.7352,2026-05-29T11:14:00.000Z,Vehicle,VH-0036,,,,,,,R-018,DRV-036,Driver 36,North DC,WH-North,Northeast,Offline,0,279,,,,,,,,,,,,,,53,,,,,,,
VH-0036,40.6547,-73.7132,2026-05-29T11:26:00.000Z,Vehicle,VH-0036,,,,,,,R-018,DRV-036,Driver 36,North DC,WH-North,Northeast,Maintenance,56,301,,,,,,,,,,,,,,54,,,,Inspection due,,,
VH-0036,40.6727,-73.6912,2026-05-29T11:38:00.000Z,Vehicle,VH-0036,,,,,,,R-018,DRV-036,Driver 36,North DC,WH-North,Northeast,Alert,57,323,,,,,,,,,,,,,,55,,,,,,,
VH-0036,40.6907,-73.6692,2026-05-29T11:50:00.000Z,Vehicle,VH-0036,,,,,,,R-018,DRV-036,Driver 36,North DC,WH-North,Northeast,Active,58,345,,,,,,,,,,,,,,56,,,,,,,
VH-0037,33.659,-84.18,2026-05-29T10:50:00.000Z,Vehicle,VH-0037,,,,,,,R-001,DRV-037,Driver 37,South DC,WH-South,Southeast,Delayed,54,252,,,,,,,,,,,,,,58,,,,,,,
VH-0037,33.677,-84.158,2026-05-29T11:02:00.000Z,Vehicle,VH-0037,,,,,,,R-001,DRV-037,Driver 37,South DC,WH-South,Southeast,Offline,0,274,,,,,,,,,,,,,,59,,,,,,,
VH-0037,33.695,-84.136,2026-05-29T11:14:00.000Z,Vehicle,VH-0037,,,,,,,R-001,DRV-037,Driver 37,South DC,WH-South,Southeast,Maintenance,56,296,,,,,,,,,,,,,,60,,,,Inspection due,,,
VH-0037,33.713,-84.114,2026-05-29T11:26:00.000Z,Vehicle,VH-0037,,,,,,,R-001,DRV-037,Driver 37,South DC,WH-South,Southeast,Alert,57,318,,,,,,,,,,,,,,61,,,,,,,
VH-0037,33.731,-84.092,2026-05-29T11:38:00.000Z,Vehicle,VH-0037,,,,,,,R-001,DRV-037,Driver 37,South DC,WH-South,Southeast,Active,58,340,,,,,,,,,,,,,,62,,,,,,,
VH-0037,33.749,-84.07,2026-05-29T11:50:00.000Z,Vehicle,VH-0037,,,,,,,R-001,DRV-037,Driver 37,South DC,WH-South,Southeast,Active,59,2,,,,,,,,,,,,,,63,,,,,,,
VH-0038,41.8331,-87.3698,2026-05-29T10:50:00.000Z,Vehicle,VH-0038,,,,,,,R-002,DRV-038,Driver 38,Central DC,WH-Central,Central,Offline,0,269,,,,,,,,,,,,,,65,,,,,,,
VH-0038,41.8511,-87.3478,2026-05-29T11:02:00.000Z,Vehicle,VH-0038,,,,,,,R-002,DRV-038,Driver 38,Central DC,WH-Central,Central,Maintenance,56,291,,,,,,,,,,,,,,66,,,,Inspection due,,,
VH-0038,41.8691,-87.3258,2026-05-29T11:14:00.000Z,Vehicle,VH-0038,,,,,,,R-002,DRV-038,Driver 38,Central DC,WH-Central,Central,Alert,57,313,,,,,,,,,,,,,,67,,,,,,,
VH-0038,41.8871,-87.3038,2026-05-29T11:26:00.000Z,Vehicle,VH-0038,,,,,,,R-002,DRV-038,Driver 38,Central DC,WH-Central,Central,Active,58,335,,,,,,,,,,,,,,68,,,,,,,
VH-0038,41.9051,-87.2818,2026-05-29T11:38:00.000Z,Vehicle,VH-0038,,,,,,,R-002,DRV-038,Driver 38,Central DC,WH-Central,Central,Active,59,357,,,,,,,,,,,,,,69,,,,,,,
VH-0038,41.9231,-87.2598,2026-05-29T11:50:00.000Z,Vehicle,VH-0038,,,,,,,R-002,DRV-038,Driver 38,Central DC,WH-Central,Central,Active,18,19,,,,,,,,,,,,,,70,,,,,,,
VH-0039,34.0522,-117.9317,2026-05-29T10:50:00.000Z,Vehicle,VH-0039,,,,,,,R-003,DRV-039,Driver 39,West DC,WH-West,West,Maintenance,56,286,,,,,,,,,,,,,,72,,,,Inspection due,,,
VH-0039,34.0702,-117.9097,2026-05-29T11:02:00.000Z,Vehicle,VH-0039,,,,,,,R-003,DRV-039,Driver 39,West DC,WH-West,West,Alert,57,308,,,,,,,,,,,,,,73,,,,,,,
VH-0039,34.0882,-117.8877,2026-05-29T11:14:00.000Z,Vehicle,VH-0039,,,,,,,R-003,DRV-039,Driver 39,West DC,WH-West,West,Active,58,330,,,,,,,,,,,,,,74,,,,,,,
VH-0039,34.1062,-117.8657,2026-05-29T11:26:00.000Z,Vehicle,VH-0039,,,,,,,R-003,DRV-039,Driver 39,West DC,WH-West,West,Active,59,352,,,,,,,,,,,,,,75,,,,,,,
VH-0039,34.1242,-117.8437,2026-05-29T11:38:00.000Z,Vehicle,VH-0039,,,,,,,R-003,DRV-039,Driver 39,West DC,WH-West,West,Active,18,14,,,,,,,,,,,,,,76,,,,,,,
VH-0039,34.1422,-117.8217,2026-05-29T11:50:00.000Z,Vehicle,VH-0039,,,,,,,R-003,DRV-039,Driver 39,West DC,WH-West,West,Idle,0,36,,,,,,,,,,,,,,77,,,,,,,
VH-0040,32.8217,-97.109,2026-05-29T10:50:00.000Z,Vehicle,VH-0040,,,,,,,R-004,DRV-040,Driver 40,Texas Hub,WH-Texas,Southwest,Alert,57,303,,,,,,,,,,,,,,79,,,,,,,
VH-0040,32.8397,-97.087,2026-05-29T11:02:00.000Z,Vehicle,VH-0040,,,,,,,R-004,DRV-040,Driver 40,Texas Hub,WH-Texas,Southwest,Active,58,325,,,,,,,,,,,,,,80,,,,,,,
VH-0040,32.8577,-97.065,2026-05-29T11:14:00.000Z,Vehicle,VH-0040,,,,,,,R-004,DRV-040,Driver 40,Texas Hub,WH-Texas,Southwest,Active,59,347,,,,,,,,,,,,,,81,,,,,,,
VH-0040,32.8757,-97.043,2026-05-29T11:26:00.000Z,Vehicle,VH-0040,,,,,,,R-004,DRV-040,Driver 40,Texas Hub,WH-Texas,Southwest,Active,18,9,,,,,,,,,,,,,,82,,,,,,,
VH-0040,32.8937,-97.021,2026-05-29T11:38:00.000Z,Vehicle,VH-0040,,,,,,,R-004,DRV-040,Driver 40,Texas Hub,WH-Texas,Southwest,Idle,0,31,,,,,,,,,,,,,,83,,,,,,,
VH-0040,32.9117,-96.999,2026-05-29T11:50:00.000Z,Vehicle,VH-0040,,,,,,,R-004,DRV-040,Driver 40,Texas Hub,WH-Texas,Southwest,Delayed,20,53,,,,,,,,,,,,,,84,,,,,,,
VH-0041,40.8257,-74.1952,2026-05-29T10:50:00.000Z,Mobile Asset,VH-0041,AST-0041,,,,,,R-005,DRV-041,Driver 41,North DC,WH-North,Northeast,Active,58,320,,,,,,,,,,,,,,86,70,,,,,,
VH-0041,40.8437,-74.1732,2026-05-29T11:02:00.000Z,Mobile Asset,VH-0041,AST-0041,,,,,,R-005,DRV-041,Driver 41,North DC,WH-North,Northeast,Active,59,342,,,,,,,,,,,,,,87,71,,,,,,
VH-0041,40.8617,-74.1512,2026-05-29T11:14:00.000Z,Mobile Asset,VH-0041,AST-0041,,,,,,R-005,DRV-041,Driver 41,North DC,WH-North,Northeast,Active,18,4,,,,,,,,,,,,,,88,72,,,,,,
VH-0041,40.8797,-74.1292,2026-05-29T11:26:00.000Z,Mobile Asset,VH-0041,AST-0041,,,,,,R-005,DRV-041,Driver 41,North DC,WH-North,Northeast,Idle,0,26,,,,,,,,,,,,,,89,73,,,,,,
VH-0041,40.8977,-74.1072,2026-05-29T11:38:00.000Z,Mobile Asset,VH-0041,AST-0041,,,,,,R-005,DRV-041,Driver 41,North DC,WH-North,Northeast,Delayed,20,48,,,,,,,,,,,,,,90,74,,,,,,
VH-0041,40.9157,-74.0852,2026-05-29T11:50:00.000Z,Mobile Asset,VH-0041,AST-0041,,,,,,R-005,DRV-041,Driver 41,North DC,WH-North,Northeast,Offline,0,70,,,,,,,,,,,,,,91,75,,,,,,
VH-0042,33.884,-84.596,2026-05-29T10:50:00.000Z,Vehicle,VH-0042,,,,,,,R-006,DRV-042,Driver 42,South DC,WH-South,Southeast,Active,59,337,,,,,,,,,,,,,,93,,,,,,,
VH-0042,33.902,-84.574,2026-05-29T11:02:00.000Z,Vehicle,VH-0042,,,,,,,R-006,DRV-042,Driver 42,South DC,WH-South,Southeast,Active,18,359,,,,,,,,,,,,,,94,,,,,,,
VH-0042,33.92,-84.552,2026-05-29T11:14:00.000Z,Vehicle,VH-0042,,,,,,,R-006,DRV-042,Driver 42,South DC,WH-South,Southeast,Idle,0,21,,,,,,,,,,,,,,95,,,,,,,
VH-0042,33.938,-84.53,2026-05-29T11:26:00.000Z,Vehicle,VH-0042,,,,,,,R-006,DRV-042,Driver 42,South DC,WH-South,Southeast,Delayed,20,43,,,,,,,,,,,,,,96,,,,,,,
VH-0042,33.956,-84.508,2026-05-29T11:38:00.000Z,Vehicle,VH-0042,,,,,,,R-006,DRV-042,Driver 42,South DC,WH-South,Southeast,Offline,0,65,,,,,,,,,,,,,,97,,,,,,,
VH-0042,33.974,-84.486,2026-05-29T11:50:00.000Z,Vehicle,VH-0042,,,,,,,R-006,DRV-042,Driver 42,South DC,WH-South,Southeast,Maintenance,22,87,,,,,,,,,,,,,,25,,,,Inspection due,,,
VH-0043,42.0581,-87.7858,2026-05-29T10:50:00.000Z,Vehicle,VH-0043,,,,,,,R-007,DRV-043,Driver 43,Central DC,WH-Central,Central,Active,18,354,,,,,,,,,,,,,,27,,,,,,,
VH-0043,42.0761,-87.7638,2026-05-29T11:02:00.000Z,Vehicle,VH-0043,,,,,,,R-007,DRV-043,Driver 43,Central DC,WH-Central,Central,Idle,0,16,,,,,,,,,,,,,,28,,,,,,,
VH-0043,42.0941,-87.7418,2026-05-29T11:14:00.000Z,Vehicle,VH-0043,,,,,,,R-007,DRV-043,Driver 43,Central DC,WH-Central,Central,Delayed,20,38,,,,,,,,,,,,,,29,,,,,,,
VH-0043,42.1121,-87.7198,2026-05-29T11:26:00.000Z,Vehicle,VH-0043,,,,,,,R-007,DRV-043,Driver 43,Central DC,WH-Central,Central,Offline,0,60,,,,,,,,,,,,,,30,,,,,,,
VH-0043,42.1301,-87.6978,2026-05-29T11:38:00.000Z,Vehicle,VH-0043,,,,,,,R-007,DRV-043,Driver 43,Central DC,WH-Central,Central,Maintenance,22,82,,,,,,,,,,,,,,31,,,,Inspection due,,,
VH-0043,42.1481,-87.6758,2026-05-29T11:50:00.000Z,Vehicle,VH-0043,,,,,,,R-007,DRV-043,Driver 43,Central DC,WH-Central,Central,Alert,23,104,,,,,,,,,,,,,,32,,,,,,,
VH-0044,34.2772,-118.3477,2026-05-29T10:50:00.000Z,Vehicle,VH-0044,,,,,,,R-008,DRV-044,Driver 44,West DC,WH-West,West,Idle,0,11,,,,,,,,,,,,,,34,,,,,,,
VH-0044,34.2952,-118.3257,2026-05-29T11:02:00.000Z,Vehicle,VH-0044,,,,,,,R-008,DRV-044,Driver 44,West DC,WH-West,West,Delayed,20,33,,,,,,,,,,,,,,35,,,,,,,
VH-0044,34.3132,-118.3037,2026-05-29T11:14:00.000Z,Vehicle,VH-0044,,,,,,,R-008,DRV-044,Driver 44,West DC,WH-West,West,Offline,0,55,,,,,,,,,,,,,,36,,,,,,,
VH-0044,34.3312,-118.2817,2026-05-29T11:26:00.000Z,Vehicle,VH-0044,,,,,,,R-008,DRV-044,Driver 44,West DC,WH-West,West,Maintenance,22,77,,,,,,,,,,,,,,37,,,,Inspection due,,,
VH-0044,34.3492,-118.2597,2026-05-29T11:38:00.000Z,Vehicle,VH-0044,,,,,,,R-008,DRV-044,Driver 44,West DC,WH-West,West,Alert,23,99,,,,,,,,,,,,,,38,,,,,,,
VH-0044,34.3672,-118.2377,2026-05-29T11:50:00.000Z,Vehicle,VH-0044,,,,,,,R-008,DRV-044,Driver 44,West DC,WH-West,West,Active,24,121,,,,,,,,,,,,,,39,,,,,,,
VH-0045,32.5517,-96.849,2026-05-29T10:50:00.000Z,Vehicle,VH-0045,,,,,,,R-009,DRV-045,Driver 45,Texas Hub,WH-Texas,Southwest,Delayed,20,28,,,,,,,,,,,,,,41,,,,,,,
VH-0045,32.5697,-96.827,2026-05-29T11:02:00.000Z,Vehicle,VH-0045,,,,,,,R-009,DRV-045,Driver 45,Texas Hub,WH-Texas,Southwest,Offline,0,50,,,,,,,,,,,,,,42,,,,,,,
VH-0045,32.5877,-96.805,2026-05-29T11:14:00.000Z,Vehicle,VH-0045,,,,,,,R-009,DRV-045,Driver 45,Texas Hub,WH-Texas,Southwest,Maintenance,22,72,,,,,,,,,,,,,,43,,,,Inspection due,,,
VH-0045,32.6057,-96.783,2026-05-29T11:26:00.000Z,Vehicle,VH-0045,,,,,,,R-009,DRV-045,Driver 45,Texas Hub,WH-Texas,Southwest,Alert,23,94,,,,,,,,,,,,,,44,,,,,,,
VH-0045,32.6237,-96.761,2026-05-29T11:38:00.000Z,Vehicle,VH-0045,,,,,,,R-009,DRV-045,Driver 45,Texas Hub,WH-Texas,Southwest,Active,24,116,,,,,,,,,,,,,,45,,,,,,,
VH-0045,32.6417,-96.739,2026-05-29T11:50:00.000Z,Vehicle,VH-0045,,,,,,,R-009,DRV-045,Driver 45,Texas Hub,WH-Texas,Southwest,Active,25,138,,,,,,,,,,,,,,46,,,,,,,
VH-0046,40.5557,-73.9352,2026-05-29T10:50:00.000Z,Vehicle,VH-0046,,,,,,,R-010,DRV-001,Driver 1,North DC,WH-North,Northeast,Offline,0,45,,,,,,,,,,,,,,48,,,,,,,
VH-0046,40.5737,-73.9132,2026-05-29T11:02:00.000Z,Vehicle,VH-0046,,,,,,,R-010,DRV-001,Driver 1,North DC,WH-North,Northeast,Maintenance,22,67,,,,,,,,,,,,,,49,,,,Inspection due,,,
VH-0046,40.5917,-73.8912,2026-05-29T11:14:00.000Z,Vehicle,VH-0046,,,,,,,R-010,DRV-001,Driver 1,North DC,WH-North,Northeast,Alert,23,89,,,,,,,,,,,,,,50,,,,,,,
VH-0046,40.6097,-73.8692,2026-05-29T11:26:00.000Z,Vehicle,VH-0046,,,,,,,R-010,DRV-001,Driver 1,North DC,WH-North,Northeast,Active,24,111,,,,,,,,,,,,,,51,,,,,,,
VH-0046,40.6277,-73.8472,2026-05-29T11:38:00.000Z,Vehicle,VH-0046,,,,,,,R-010,DRV-001,Driver 1,North DC,WH-North,Northeast,Active,25,133,,,,,,,,,,,,,,52,,,,,,,
VH-0046,40.6457,-73.8252,2026-05-29T11:50:00.000Z,Vehicle,VH-0046,,,,,,,R-010,DRV-001,Driver 1,North DC,WH-North,Northeast,Active,26,155,,,,,,,,,,,,,,53,,,,,,,
VH-0047,33.614,-84.336,2026-05-29T10:50:00.000Z,Vehicle,VH-0047,,,,,,,R-011,DRV-002,Driver 2,South DC,WH-South,Southeast,Alert,22,62,true,,,,,,,,,,,,,55,,,,,,,
VH-0047,33.632,-84.314,2026-05-29T11:02:00.000Z,Vehicle,VH-0047,,,,,,,R-011,DRV-002,Driver 2,South DC,WH-South,Southeast,Alert,23,84,true,,,,,,,,,,,,,56,,,,,,,
VH-0047,33.65,-84.292,2026-05-29T11:14:00.000Z,Vehicle,VH-0047,,,,,,,R-011,DRV-002,Driver 2,South DC,WH-South,Southeast,Alert,24,106,true,,,,,,,,,,,,,57,,,,,,,
VH-0047,33.668,-84.27,2026-05-29T11:26:00.000Z,Vehicle,VH-0047,,,,,,,R-011,DRV-002,Driver 2,South DC,WH-South,Southeast,Alert,25,128,true,,,,,,,,,,,,,58,,,,,,,
VH-0047,33.686,-84.248,2026-05-29T11:38:00.000Z,Vehicle,VH-0047,,,,,,,R-011,DRV-002,Driver 2,South DC,WH-South,Southeast,Alert,26,150,true,,,,,,,,,,,,,59,,,,,,,
VH-0047,33.704,-84.226,2026-05-29T11:50:00.000Z,Vehicle,VH-0047,,,,,,,R-011,DRV-002,Driver 2,South DC,WH-South,Southeast,Alert,27,172,true,,,,,,,,,,,,,60,,,,,,,
VH-0048,41.7881,-87.5258,2026-05-29T10:50:00.000Z,Vehicle,VH-0048,,,,,,,R-012,DRV-003,Driver 3,Central DC,WH-Central,Central,Alert,23,79,,,,,,,,,,,,,,62,,,,,,,
VH-0048,41.8061,-87.5038,2026-05-29T11:02:00.000Z,Vehicle,VH-0048,,,,,,,R-012,DRV-003,Driver 3,Central DC,WH-Central,Central,Active,24,101,,,,,,,,,,,,,,63,,,,,,,
VH-0048,41.8241,-87.4818,2026-05-29T11:14:00.000Z,Vehicle,VH-0048,,,,,,,R-012,DRV-003,Driver 3,Central DC,WH-Central,Central,Active,25,123,,,,,,,,,,,,,,64,,,,,,,
VH-0048,41.8421,-87.4598,2026-05-29T11:26:00.000Z,Vehicle,VH-0048,,,,,,,R-012,DRV-003,Driver 3,Central DC,WH-Central,Central,Active,26,145,,,,,,,,,,,,,,65,,,,,,,
VH-0048,41.8601,-87.4378,2026-05-29T11:38:00.000Z,Vehicle,VH-0048,,,,,,,R-012,DRV-003,Driver 3,Central DC,WH-Central,Central,Idle,0,167,,,,,,,,,,,,,,66,,,,,,,
VH-0048,41.8781,-87.4158,2026-05-29T11:50:00.000Z,Vehicle,VH-0048,,,,,,,R-012,DRV-003,Driver 3,Central DC,WH-Central,Central,Delayed,28,189,,,,,,,,,,,,,,67,,,,,,,
VH-0049,34.0072,-118.0877,2026-05-29T10:50:00.000Z,Mobile Asset,VH-0049,AST-0049,,,,,,R-013,DRV-004,Driver 4,West DC,WH-West,West,Active,24,96,,,,,,,,,,,,,,69,78,,,,,,
VH-0049,34.0252,-118.0657,2026-05-29T11:02:00.000Z,Mobile Asset,VH-0049,AST-0049,,,,,,R-013,DRV-004,Driver 4,West DC,WH-West,West,Active,25,118,,,,,,,,,,,,,,70,79,,,,,,
VH-0049,34.0432,-118.0437,2026-05-29T11:14:00.000Z,Mobile Asset,VH-0049,AST-0049,,,,,,R-013,DRV-004,Driver 4,West DC,WH-West,West,Active,26,140,,,,,,,,,,,,,,71,80,,,,,,
VH-0049,34.0612,-118.0217,2026-05-29T11:26:00.000Z,Mobile Asset,VH-0049,AST-0049,,,,,,R-013,DRV-004,Driver 4,West DC,WH-West,West,Idle,0,162,,,,,,,,,,,,,,72,81,,,,,,
VH-0049,34.0792,-117.9997,2026-05-29T11:38:00.000Z,Mobile Asset,VH-0049,AST-0049,,,,,,R-013,DRV-004,Driver 4,West DC,WH-West,West,Delayed,28,184,,,,,,,,,,,,,,73,82,,,,,,
VH-0049,34.0972,-117.9777,2026-05-29T11:50:00.000Z,Mobile Asset,VH-0049,AST-0049,,,,,,R-013,DRV-004,Driver 4,West DC,WH-West,West,Offline,0,206,,,,,,,,,,,,,,74,83,,,,,,
VH-0050,32.7767,-96.589,2026-05-29T10:50:00.000Z,Vehicle,VH-0050,,,,,,,R-014,DRV-005,Driver 5,Texas Hub,WH-Texas,Southwest,Active,25,113,,,,,,,,,,,,,,76,,,,,,,
VH-0050,32.7947,-96.567,2026-05-29T11:02:00.000Z,Vehicle,VH-0050,,,,,,,R-014,DRV-005,Driver 5,Texas Hub,WH-Texas,Southwest,Active,26,135,,,,,,,,,,,,,,77,,,,,,,
VH-0050,32.8127,-96.545,2026-05-29T11:14:00.000Z,Vehicle,VH-0050,,,,,,,R-014,DRV-005,Driver 5,Texas Hub,WH-Texas,Southwest,Idle,0,157,,,,,,,,,,,,,,78,,,,,,,
VH-0050,32.8307,-96.523,2026-05-29T11:26:00.000Z,Vehicle,VH-0050,,,,,,,R-014,DRV-005,Driver 5,Texas Hub,WH-Texas,Southwest,Delayed,28,179,,,,,,,,,,,,,,79,,,,,,,
VH-0050,32.8487,-96.501,2026-05-29T11:38:00.000Z,Vehicle,VH-0050,,,,,,,R-014,DRV-005,Driver 5,Texas Hub,WH-Texas,Southwest,Offline,0,201,,,,,,,,,,,,,,80,,,,,,,
VH-0050,32.8667,-96.479,2026-05-29T11:50:00.000Z,Vehicle,VH-0050,,,,,,,R-014,DRV-005,Driver 5,Texas Hub,WH-Texas,Southwest,Maintenance,30,223,,,,,,,,,,,,,,81,,,,Inspection due,,,
VH-0051,40.7807,-73.6752,2026-05-29T10:50:00.000Z,Vehicle,VH-0051,,,,,,,R-015,DRV-006,Driver 6,North DC,WH-North,Northeast,Active,26,130,,,,,,,,,,,,,,83,,,,,,,
VH-0051,40.7987,-73.6532,2026-05-29T11:02:00.000Z,Vehicle,VH-0051,,,,,,,R-015,DRV-006,Driver 6,North DC,WH-North,Northeast,Idle,0,152,,,,,,,,,,,,,,84,,,,,,,
VH-0051,40.8167,-73.6312,2026-05-29T11:14:00.000Z,Vehicle,VH-0051,,,,,,,R-015,DRV-006,Driver 6,North DC,WH-North,Northeast,Delayed,28,174,,,,,,,,,,,,,,85,,,,,,,
VH-0051,40.8347,-73.6092,2026-05-29T11:26:00.000Z,Vehicle,VH-0051,,,,,,,R-015,DRV-006,Driver 6,North DC,WH-North,Northeast,Offline,0,196,,,,,,,,,,,,,,86,,,,,,,
VH-0051,40.8527,-73.5872,2026-05-29T11:38:00.000Z,Vehicle,VH-0051,,,,,,,R-015,DRV-006,Driver 6,North DC,WH-North,Northeast,Maintenance,30,218,,,,,,,,,,,,,,87,,,,Inspection due,,,
VH-0051,40.8707,-73.5652,2026-05-29T11:50:00.000Z,Vehicle,VH-0051,,,,,,,R-015,DRV-006,Driver 6,North DC,WH-North,Northeast,Alert,31,240,,,,,,,,,,,,,,88,,,,,,,
VH-0052,33.839,-84.076,2026-05-29T09:00:00.000Z,Vehicle,VH-0052,,,,,,,R-016,DRV-007,Driver 7,South DC,WH-South,Southeast,Idle,0,147,,,,,,,,,,,,,,90,,,,,,,
VH-0052,33.857,-84.054,2026-05-29T08:25:00.000Z,Vehicle,VH-0052,,,,,,,R-016,DRV-007,Driver 7,South DC,WH-South,Southeast,Delayed,28,169,,,,,,,,,,,,,,91,,,,,,,
VH-0052,33.875,-84.032,2026-05-29T07:50:00.000Z,Vehicle,VH-0052,,,,,,,R-016,DRV-007,Driver 7,South DC,WH-South,Southeast,Offline,0,191,,,,,,,,,,,,,,92,,,,,,,
VH-0052,33.893,-84.01,2026-05-29T07:15:00.000Z,Vehicle,VH-0052,,,,,,,R-016,DRV-007,Driver 7,South DC,WH-South,Southeast,Maintenance,30,213,,,,,,,,,,,,,,93,,,,Inspection due,,,
VH-0052,33.911,-83.988,2026-05-29T06:40:00.000Z,Vehicle,VH-0052,,,,,,,R-016,DRV-007,Driver 7,South DC,WH-South,Southeast,Alert,31,235,,,,,,,,,,,,,,94,,,,,,,
VH-0052,33.929,-83.966,2026-05-29T06:05:00.000Z,Vehicle,VH-0052,,,,,,,R-016,DRV-007,Driver 7,South DC,WH-South,Southeast,Active,32,257,,,,,,,,,,,,,,95,,,,,,,
VH-0053,42.0131,-87.9418,2026-05-29T10:50:00.000Z,Vehicle,VH-0053,,,,,,,R-017,DRV-008,Driver 8,Central DC,WH-Central,Central,Delayed,28,164,,,,,,,,,,,,,,97,,,,,,,
VH-0053,42.0311,-87.9198,2026-05-29T11:02:00.000Z,Vehicle,VH-0053,,,,,,,R-017,DRV-008,Driver 8,Central DC,WH-Central,Central,Offline,0,186,,,,,,,,,,,,,,25,,,,,,,
VH-0053,42.0491,-87.8978,2026-05-29T11:14:00.000Z,Vehicle,VH-0053,,,,,,,R-017,DRV-008,Driver 8,Central DC,WH-Central,Central,Maintenance,30,208,,,,,,,,,,,,,,26,,,,Inspection due,,,
VH-0053,42.0671,-87.8758,2026-05-29T11:26:00.000Z,Vehicle,VH-0053,,,,,,,R-017,DRV-008,Driver 8,Central DC,WH-Central,Central,Alert,31,230,,,,,,,,,,,,,,27,,,,,,,
VH-0053,42.0851,-87.8538,2026-05-29T11:38:00.000Z,Vehicle,VH-0053,,,,,,,R-017,DRV-008,Driver 8,Central DC,WH-Central,Central,Active,32,252,,,,,,,,,,,,,,28,,,,,,,
VH-0053,42.1031,-87.8318,2026-05-29T11:50:00.000Z,Vehicle,VH-0053,,,,,,,R-017,DRV-008,Driver 8,Central DC,WH-Central,Central,Active,33,274,,,,,,,,,,,,,,29,,,,,,,
VH-0054,34.2322,-118.5037,2026-05-29T10:50:00.000Z,Vehicle,VH-0054,,,,,,,R-018,DRV-009,Driver 9,West DC,WH-West,West,Offline,0,181,,,,,,,,,,,,,,31,,,,,,,
VH-0054,34.2502,-118.4817,2026-05-29T11:02:00.000Z,Vehicle,VH-0054,,,,,,,R-018,DRV-009,Driver 9,West DC,WH-West,West,Maintenance,30,203,,,,,,,,,,,,,,32,,,,Inspection due,,,
VH-0054,34.2682,-118.4597,2026-05-29T11:14:00.000Z,Vehicle,VH-0054,,,,,,,R-018,DRV-009,Driver 9,West DC,WH-West,West,Alert,31,225,,,,,,,,,,,,,,33,,,,,,,
VH-0054,34.2862,-118.4377,2026-05-29T11:26:00.000Z,Vehicle,VH-0054,,,,,,,R-018,DRV-009,Driver 9,West DC,WH-West,West,Active,32,247,,,,,,,,,,,,,,34,,,,,,,
VH-0054,34.3042,-118.4157,2026-05-29T11:38:00.000Z,Vehicle,VH-0054,,,,,,,R-018,DRV-009,Driver 9,West DC,WH-West,West,Active,33,269,,,,,,,,,,,,,,35,,,,,,,
VH-0054,34.3222,-118.3937,2026-05-29T11:50:00.000Z,Vehicle,VH-0054,,,,,,,R-018,DRV-009,Driver 9,West DC,WH-West,West,Active,34,291,,,,,,,,,,,,,,36,,,,,,,
VH-0055,33.0017,-97.005,2026-05-29T10:50:00.000Z,Vehicle,VH-0055,,,,,,,R-001,DRV-010,Driver 10,Texas Hub,WH-Texas,Southwest,Maintenance,30,198,,,,,,,,,,,,,,38,,,,Inspection due,,,
VH-0055,33.0197,-96.983,2026-05-29T11:02:00.000Z,Vehicle,VH-0055,,,,,,,R-001,DRV-010,Driver 10,Texas Hub,WH-Texas,Southwest,Alert,31,220,,,,,,,,,,,,,,39,,,,,,,
VH-0055,33.0377,-96.961,2026-05-29T11:14:00.000Z,Vehicle,VH-0055,,,,,,,R-001,DRV-010,Driver 10,Texas Hub,WH-Texas,Southwest,Active,32,242,,,,,,,,,,,,,,40,,,,,,,
VH-0055,33.0557,-96.939,2026-05-29T11:26:00.000Z,Vehicle,VH-0055,,,,,,,R-001,DRV-010,Driver 10,Texas Hub,WH-Texas,Southwest,Active,33,264,,,,,,,,,,,,,,41,,,,,,,
VH-0055,33.0737,-96.917,2026-05-29T11:38:00.000Z,Vehicle,VH-0055,,,,,,,R-001,DRV-010,Driver 10,Texas Hub,WH-Texas,Southwest,Active,34,286,,,,,,,,,,,,,,42,,,,,,,
VH-0055,33.0917,-96.895,2026-05-29T11:50:00.000Z,Vehicle,VH-0055,,,,,,,R-001,DRV-010,Driver 10,Texas Hub,WH-Texas,Southwest,Idle,0,308,,,,,,,,,,,,,,43,,,,,,,
VH-0056,40.5107,-74.0912,2026-05-29T10:50:00.000Z,Vehicle,VH-0056,,,,,,,R-002,DRV-011,Driver 11,North DC,WH-North,Northeast,Alert,31,215,,,,,,,,,,,,,,45,,,,,,,
VH-0056,40.5287,-74.0692,2026-05-29T11:02:00.000Z,Vehicle,VH-0056,,,,,,,R-002,DRV-011,Driver 11,North DC,WH-North,Northeast,Active,32,237,,,,,,,,,,,,,,46,,,,,,,
VH-0056,40.5467,-74.0472,2026-05-29T11:14:00.000Z,Vehicle,VH-0056,,,,,,,R-002,DRV-011,Driver 11,North DC,WH-North,Northeast,Active,33,259,,,,,,,,,,,,,,47,,,,,,,
VH-0056,40.5647,-74.0252,2026-05-29T11:26:00.000Z,Vehicle,VH-0056,,,,,,,R-002,DRV-011,Driver 11,North DC,WH-North,Northeast,Active,34,281,,,,,,,,,,,,,,48,,,,,,,
VH-0056,40.5827,-74.0032,2026-05-29T11:38:00.000Z,Vehicle,VH-0056,,,,,,,R-002,DRV-011,Driver 11,North DC,WH-North,Northeast,Idle,0,303,,,,,,,,,,,,,,49,,,,,,,
VH-0056,40.6007,-73.9812,2026-05-29T11:50:00.000Z,Vehicle,VH-0056,,,,,,,R-002,DRV-011,Driver 11,North DC,WH-North,Northeast,Delayed,36,325,,,,,,,,,,,,,,50,,,,,,,
VH-0057,33.569,-84.492,2026-05-29T10:50:00.000Z,Mobile Asset,VH-0057,AST-0057,,,,,,R-003,DRV-012,Driver 12,South DC,WH-South,Southeast,Active,32,232,,,,,,,,,,,,,,52,86,,,,,,
VH-0057,33.587,-84.47,2026-05-29T11:02:00.000Z,Mobile Asset,VH-0057,AST-0057,,,,,,R-003,DRV-012,Driver 12,South DC,WH-South,Southeast,Active,33,254,,,,,,,,,,,,,,53,87,,,,,,
VH-0057,33.605,-84.448,2026-05-29T11:14:00.000Z,Mobile Asset,VH-0057,AST-0057,,,,,,R-003,DRV-012,Driver 12,South DC,WH-South,Southeast,Active,34,276,,,,,,,,,,,,,,54,88,,,,,,
VH-0057,33.623,-84.426,2026-05-29T11:26:00.000Z,Mobile Asset,VH-0057,AST-0057,,,,,,R-003,DRV-012,Driver 12,South DC,WH-South,Southeast,Idle,0,298,,,,,,,,,,,,,,55,89,,,,,,
VH-0057,33.641,-84.404,2026-05-29T11:38:00.000Z,Mobile Asset,VH-0057,AST-0057,,,,,,R-003,DRV-012,Driver 12,South DC,WH-South,Southeast,Delayed,36,320,,,,,,,,,,,,,,56,30,,,,,,
VH-0057,33.659,-84.382,2026-05-29T11:50:00.000Z,Mobile Asset,VH-0057,AST-0057,,,,,,R-003,DRV-012,Driver 12,South DC,WH-South,Southeast,Offline,0,342,,,,,,,,,,,,,,57,31,,,,,,
VH-0058,41.7431,-87.6818,2026-05-29T10:50:00.000Z,Vehicle,VH-0058,,,,,,,R-004,DRV-013,Driver 13,Central DC,WH-Central,Central,Active,33,249,,,,,,,,,,,,,,59,,,,,,,
VH-0058,41.7611,-87.6598,2026-05-29T11:02:00.000Z,Vehicle,VH-0058,,,,,,,R-004,DRV-013,Driver 13,Central DC,WH-Central,Central,Active,34,271,,,,,,,,,,,,,,60,,,,,,,
VH-0058,41.7791,-87.6378,2026-05-29T11:14:00.000Z,Vehicle,VH-0058,,,,,,,R-004,DRV-013,Driver 13,Central DC,WH-Central,Central,Idle,0,293,,,,,,,,,,,,,,61,,,,,,,
VH-0058,41.7971,-87.6158,2026-05-29T11:26:00.000Z,Vehicle,VH-0058,,,,,,,R-004,DRV-013,Driver 13,Central DC,WH-Central,Central,Delayed,36,315,,,,,,,,,,,,,,62,,,,,,,
VH-0058,41.8151,-87.5938,2026-05-29T11:38:00.000Z,Vehicle,VH-0058,,,,,,,R-004,DRV-013,Driver 13,Central DC,WH-Central,Central,Offline,0,337,,,,,,,,,,,,,,63,,,,,,,
VH-0058,41.8331,-87.5718,2026-05-29T11:50:00.000Z,Vehicle,VH-0058,,,,,,,R-004,DRV-013,Driver 13,Central DC,WH-Central,Central,Maintenance,38,359,,,,,,,,,,,,,,64,,,,Inspection due,,,
VH-0059,33.9622,-118.2437,2026-05-29T10:50:00.000Z,Vehicle,VH-0059,,,,,,,R-005,DRV-014,Driver 14,West DC,WH-West,West,Offline,0,266,,,,,,,,,,,,,,66,,,,,,,
VH-0059,33.9802,-118.2217,2026-05-29T11:02:00.000Z,Vehicle,VH-0059,,,,,,,R-005,DRV-014,Driver 14,West DC,WH-West,West,Offline,0,288,,,,,,,,,,,,,,67,,,,,,,
VH-0059,33.9982,-118.1997,2026-05-29T11:14:00.000Z,Vehicle,VH-0059,,,,,,,R-005,DRV-014,Driver 14,West DC,WH-West,West,Offline,0,310,,,,,,,,,,,,,,68,,,,,,,
VH-0059,34.0162,-118.1777,2026-05-29T11:26:00.000Z,Vehicle,VH-0059,,,,,,,R-005,DRV-014,Driver 14,West DC,WH-West,West,Offline,0,332,,,,,,,,,,,,,,69,,,,,,,
VH-0059,34.0342,-118.1557,2026-05-29T11:38:00.000Z,Vehicle,VH-0059,,,,,,,R-005,DRV-014,Driver 14,West DC,WH-West,West,Offline,0,354,,,,,,,,,,,,,,70,,,,,,,
VH-0059,34.0522,-118.1337,2026-05-29T11:50:00.000Z,Vehicle,VH-0059,,,,,,,R-005,DRV-014,Driver 14,West DC,WH-West,West,Offline,0,16,,,,,,,,,,,,,,71,,,,,,,
VH-0060,32.7317,-96.745,2026-05-29T10:50:00.000Z,Vehicle,VH-0060,,,,,,,R-006,DRV-015,Driver 15,Texas Hub,WH-Texas,Southwest,Idle,0,283,,,,,,,,,,,,,,73,,,,,,,
VH-0060,32.7497,-96.723,2026-05-29T11:02:00.000Z,Vehicle,VH-0060,,,,,,,R-006,DRV-015,Driver 15,Texas Hub,WH-Texas,Southwest,Delayed,36,305,,,,,,,,,,,,,,74,,,,,,,
VH-0060,32.7677,-96.701,2026-05-29T11:14:00.000Z,Vehicle,VH-0060,,,,,,,R-006,DRV-015,Driver 15,Texas Hub,WH-Texas,Southwest,Offline,0,327,,,,,,,,,,,,,,75,,,,,,,
VH-0060,32.7857,-96.679,2026-05-29T11:26:00.000Z,Vehicle,VH-0060,,,,,,,R-006,DRV-015,Driver 15,Texas Hub,WH-Texas,Southwest,Maintenance,38,349,,,,,,,,,,,,,,76,,,,Inspection due,,,
VH-0060,32.8037,-96.657,2026-05-29T11:38:00.000Z,Vehicle,VH-0060,,,,,,,R-006,DRV-015,Driver 15,Texas Hub,WH-Texas,Southwest,Alert,39,11,,,,,,,,,,,,,,77,,,,,,,
VH-0060,32.8217,-96.635,2026-05-29T11:50:00.000Z,Vehicle,VH-0060,,,,,,,R-006,DRV-015,Driver 15,Texas Hub,WH-Texas,Southwest,Active,40,33,,,,,,,,,,,,,,78,,,,,,,
VH-0061,40.7357,-73.8312,2026-05-29T10:50:00.000Z,Vehicle,VH-0061,,,,,,,R-007,DRV-016,Driver 16,North DC,WH-North,Northeast,Delayed,36,300,,,,,,,,,,,,,,80,,,,,,,
VH-0061,40.7537,-73.8092,2026-05-29T11:02:00.000Z,Vehicle,VH-0061,,,,,,,R-007,DRV-016,Driver 16,North DC,WH-North,Northeast,Offline,0,322,,,,,,,,,,,,,,81,,,,,,,
VH-0061,40.7717,-73.7872,2026-05-29T11:14:00.000Z,Vehicle,VH-0061,,,,,,,R-007,DRV-016,Driver 16,North DC,WH-North,Northeast,Maintenance,38,344,,,,,,,,,,,,,,82,,,,Inspection due,,,
VH-0061,40.7897,-73.7652,2026-05-29T11:26:00.000Z,Vehicle,VH-0061,,,,,,,R-007,DRV-016,Driver 16,North DC,WH-North,Northeast,Alert,39,6,,,,,,,,,,,,,,83,,,,,,,
VH-0061,40.8077,-73.7432,2026-05-29T11:38:00.000Z,Vehicle,VH-0061,,,,,,,R-007,DRV-016,Driver 16,North DC,WH-North,Northeast,Active,40,28,,,,,,,,,,,,,,84,,,,,,,
VH-0061,40.8257,-73.7212,2026-05-29T11:50:00.000Z,Vehicle,VH-0061,,,,,,,R-007,DRV-016,Driver 16,North DC,WH-North,Northeast,Active,41,50,,,,,,,,,,,,,,85,,,,,,,
VH-0062,33.794,-84.232,2026-05-29T10:50:00.000Z,Vehicle,VH-0062,,,,,,,R-008,DRV-017,Driver 17,South DC,WH-South,Southeast,Offline,0,317,,,,,,,,,,,,,,87,,,,,,,
VH-0062,33.812,-84.21,2026-05-29T11:02:00.000Z,Vehicle,VH-0062,,,,,,,R-008,DRV-017,Driver 17,South DC,WH-South,Southeast,Maintenance,38,339,,,,,,,,,,,,,,88,,,,Inspection due,,,
VH-0062,33.83,-84.188,2026-05-29T11:14:00.000Z,Vehicle,VH-0062,,,,,,,R-008,DRV-017,Driver 17,South DC,WH-South,Southeast,Alert,39,1,,,,,,,,,,,,,,89,,,,,,,
VH-0062,33.848,-84.166,2026-05-29T11:26:00.000Z,Vehicle,VH-0062,,,,,,,R-008,DRV-017,Driver 17,South DC,WH-South,Southeast,Active,40,23,,,,,,,,,,,,,,90,,,,,,,
VH-0062,33.866,-84.144,2026-05-29T11:38:00.000Z,Vehicle,VH-0062,,,,,,,R-008,DRV-017,Driver 17,South DC,WH-South,Southeast,Active,41,45,,,,,,,,,,,,,,91,,,,,,,
VH-0062,33.884,-84.122,2026-05-29T11:50:00.000Z,Vehicle,VH-0062,,,,,,,R-008,DRV-017,Driver 17,South DC,WH-South,Southeast,Active,42,67,,,,,,,,,,,,,,92,,,,,,,
VH-0063,41.9681,-87.4218,2026-05-29T10:50:00.000Z,Vehicle,VH-0063,,,,,,,R-009,DRV-018,Driver 18,Central DC,WH-Central,Central,Maintenance,38,334,,,,,,,,,,,,,,94,,,,Inspection due,,,
VH-0063,41.9861,-87.3998,2026-05-29T11:02:00.000Z,Vehicle,VH-0063,,,,,,,R-009,DRV-018,Driver 18,Central DC,WH-Central,Central,Alert,39,356,,,,,,,,,,,,,,95,,,,,,,
VH-0063,42.0041,-87.3778,2026-05-29T11:14:00.000Z,Vehicle,VH-0063,,,,,,,R-009,DRV-018,Driver 18,Central DC,WH-Central,Central,Active,40,18,,,,,,,,,,,,,,96,,,,,,,
VH-0063,42.0221,-87.3558,2026-05-29T11:26:00.000Z,Vehicle,VH-0063,,,,,,,R-009,DRV-018,Driver 18,Central DC,WH-Central,Central,Active,41,40,,,,,,,,,,,,,,97,,,,,,,
VH-0063,42.0401,-87.3338,2026-05-29T11:38:00.000Z,Vehicle,VH-0063,,,,,,,R-009,DRV-018,Driver 18,Central DC,WH-Central,Central,Active,42,62,,,,,,,,,,,,,,25,,,,,,,
VH-0063,42.0581,-87.3118,2026-05-29T11:50:00.000Z,Vehicle,VH-0063,,,,,,,R-009,DRV-018,Driver 18,Central DC,WH-Central,Central,Idle,0,84,,,,,,,,,,,,,,26,,,,,,,
VH-0064,34.1872,-117.9837,2026-05-29T10:50:00.000Z,Vehicle,VH-0064,,,,,,,R-010,DRV-019,Driver 19,West DC,WH-West,West,Alert,39,351,,,,,,,,,,,,,,28,,,,,,,
VH-0064,34.2052,-117.9617,2026-05-29T11:02:00.000Z,Vehicle,VH-0064,,,,,,,R-010,DRV-019,Driver 19,West DC,WH-West,West,Active,40,13,,,,,,,,,,,,,,29,,,,,,,
VH-0064,34.2232,-117.9397,2026-05-29T11:14:00.000Z,Vehicle,VH-0064,,,,,,,R-010,DRV-019,Driver 19,West DC,WH-West,West,Active,41,35,,,,,,,,,,,,,,30,,,,,,,
VH-0064,34.2412,-117.9177,2026-05-29T11:26:00.000Z,Vehicle,VH-0064,,,,,,,R-010,DRV-019,Driver 19,West DC,WH-West,West,Active,42,57,,,,,,,,,,,,,,31,,,,,,,
VH-0064,34.2592,-117.8957,2026-05-29T11:38:00.000Z,Vehicle,VH-0064,,,,,,,R-010,DRV-019,Driver 19,West DC,WH-West,West,Idle,0,79,,,,,,,,,,,,,,32,,,,,,,
VH-0064,34.2772,-117.8737,2026-05-29T11:50:00.000Z,Vehicle,VH-0064,,,,,,,R-010,DRV-019,Driver 19,West DC,WH-West,West,Delayed,44,101,,,,,,,,,,,,,,33,,,,,,,
VH-0065,32.9567,-96.485,2026-05-29T10:50:00.000Z,Mobile Asset,VH-0065,AST-0065,,,,,,R-011,DRV-020,Driver 20,Texas Hub,WH-Texas,Southwest,Active,40,8,,,,,,,,,,,,,,35,34,,,,,,
VH-0065,32.9747,-96.463,2026-05-29T11:02:00.000Z,Mobile Asset,VH-0065,AST-0065,,,,,,R-011,DRV-020,Driver 20,Texas Hub,WH-Texas,Southwest,Active,41,30,,,,,,,,,,,,,,36,35,,,,,,
VH-0065,32.9927,-96.441,2026-05-29T11:14:00.000Z,Mobile Asset,VH-0065,AST-0065,,,,,,R-011,DRV-020,Driver 20,Texas Hub,WH-Texas,Southwest,Active,42,52,,,,,,,,,,,,,,37,36,,,,,,
VH-0065,33.0107,-96.419,2026-05-29T11:26:00.000Z,Mobile Asset,VH-0065,AST-0065,,,,,,R-011,DRV-020,Driver 20,Texas Hub,WH-Texas,Southwest,Idle,0,74,,,,,,,,,,,,,,38,37,,,,,,
VH-0065,33.0287,-96.397,2026-05-29T11:38:00.000Z,Mobile Asset,VH-0065,AST-0065,,,,,,R-011,DRV-020,Driver 20,Texas Hub,WH-Texas,Southwest,Delayed,44,96,,,,,,,,,,,,,,39,38,,,,,,
VH-0065,33.0467,-96.375,2026-05-29T11:50:00.000Z,Mobile Asset,VH-0065,AST-0065,,,,,,R-011,DRV-020,Driver 20,Texas Hub,WH-Texas,Southwest,Offline,0,118,,,,,,,,,,,,,,40,39,,,,,,
VH-0066,40.9607,-74.2472,2026-05-29T10:50:00.000Z,Vehicle,VH-0066,,,,,,,R-012,DRV-021,Driver 21,North DC,WH-North,Northeast,Active,41,25,,,,,,,,,,,,,,42,,,,,,,
VH-0066,40.9787,-74.2252,2026-05-29T11:02:00.000Z,Vehicle,VH-0066,,,,,,,R-012,DRV-021,Driver 21,North DC,WH-North,Northeast,Active,42,47,,,,,,,,,,,,,,43,,,,,,,
VH-0066,40.9967,-74.2032,2026-05-29T11:14:00.000Z,Vehicle,VH-0066,,,,,,,R-012,DRV-021,Driver 21,North DC,WH-North,Northeast,Idle,0,69,,,,,,,,,,,,,,44,,,,,,,
VH-0066,41.0147,-74.1812,2026-05-29T11:26:00.000Z,Vehicle,VH-0066,,,,,,,R-012,DRV-021,Driver 21,North DC,WH-North,Northeast,Delayed,44,91,,,,,,,,,,,,,,45,,,,,,,
VH-0066,41.0327,-74.1592,2026-05-29T11:38:00.000Z,Vehicle,VH-0066,,,,,,,R-012,DRV-021,Driver 21,North DC,WH-North,Northeast,Offline,0,113,,,,,,,,,,,,,,46,,,,,,,
VH-0066,41.0507,-74.1372,2026-05-29T11:50:00.000Z,Vehicle,VH-0066,,,,,,,R-012,DRV-021,Driver 21,North DC,WH-North,Northeast,Maintenance,46,135,,,,,,,,,,,,,,47,,,,Inspection due,,,
VH-0067,33.524,-84.648,2026-05-29T10:50:00.000Z,Vehicle,VH-0067,,,,,,,R-013,DRV-022,Driver 22,South DC,WH-South,Southeast,Active,42,42,,,,,,,,,,,,,,49,,,,,,,
VH-0067,33.542,-84.626,2026-05-29T11:02:00.000Z,Vehicle,VH-0067,,,,,,,R-013,DRV-022,Driver 22,South DC,WH-South,Southeast,Idle,0,64,,,,,,,,,,,,,,50,,,,,,,
VH-0067,33.56,-84.604,2026-05-29T11:14:00.000Z,Vehicle,VH-0067,,,,,,,R-013,DRV-022,Driver 22,South DC,WH-South,Southeast,Delayed,44,86,,,,,,,,,,,,,,51,,,,,,,
VH-0067,33.578,-84.582,2026-05-29T11:26:00.000Z,Vehicle,VH-0067,,,,,,,R-013,DRV-022,Driver 22,South DC,WH-South,Southeast,Offline,0,108,,,,,,,,,,,,,,52,,,,,,,
VH-0067,33.596,-84.56,2026-05-29T11:38:00.000Z,Vehicle,VH-0067,,,,,,,R-013,DRV-022,Driver 22,South DC,WH-South,Southeast,Maintenance,46,130,,,,,,,,,,,,,,53,,,,Inspection due,,,
VH-0067,33.614,-84.538,2026-05-29T11:50:00.000Z,Vehicle,VH-0067,,,,,,,R-013,DRV-022,Driver 22,South DC,WH-South,Southeast,Alert,47,152,,,,,,,,,,,,,,54,,,,,,,
VH-0068,41.6981,-87.8378,2026-05-29T10:50:00.000Z,Vehicle,VH-0068,,,,,,,R-014,DRV-023,Driver 23,Central DC,WH-Central,Central,Idle,0,59,,,,,,,,,,,,,,56,,,,,,,
VH-0068,41.7161,-87.8158,2026-05-29T11:02:00.000Z,Vehicle,VH-0068,,,,,,,R-014,DRV-023,Driver 23,Central DC,WH-Central,Central,Delayed,44,81,,,,,,,,,,,,,,57,,,,,,,
VH-0068,41.7341,-87.7938,2026-05-29T11:14:00.000Z,Vehicle,VH-0068,,,,,,,R-014,DRV-023,Driver 23,Central DC,WH-Central,Central,Offline,0,103,,,,,,,,,,,,,,58,,,,,,,
VH-0068,41.7521,-87.7718,2026-05-29T11:26:00.000Z,Vehicle,VH-0068,,,,,,,R-014,DRV-023,Driver 23,Central DC,WH-Central,Central,Maintenance,46,125,,,,,,,,,,,,,,59,,,,Inspection due,,,
VH-0068,41.7701,-87.7498,2026-05-29T11:38:00.000Z,Vehicle,VH-0068,,,,,,,R-014,DRV-023,Driver 23,Central DC,WH-Central,Central,Alert,47,147,,,,,,,,,,,,,,60,,,,,,,
VH-0068,41.7881,-87.7278,2026-05-29T11:50:00.000Z,Vehicle,VH-0068,,,,,,,R-014,DRV-023,Driver 23,Central DC,WH-Central,Central,Active,48,169,,,,,,,,,,,,,,61,,,,,,,
VH-0069,33.9172,-118.3997,2026-05-29T09:00:00.000Z,Vehicle,VH-0069,,,,,,,R-015,DRV-024,Driver 24,West DC,WH-West,West,Delayed,44,76,,,,,,,,,,,,,,63,,,,,,,
VH-0069,33.9352,-118.3777,2026-05-29T08:25:00.000Z,Vehicle,VH-0069,,,,,,,R-015,DRV-024,Driver 24,West DC,WH-West,West,Offline,0,98,,,,,,,,,,,,,,64,,,,,,,
VH-0069,33.9532,-118.3557,2026-05-29T07:50:00.000Z,Vehicle,VH-0069,,,,,,,R-015,DRV-024,Driver 24,West DC,WH-West,West,Maintenance,46,120,,,,,,,,,,,,,,65,,,,Inspection due,,,
VH-0069,33.9712,-118.3337,2026-05-29T07:15:00.000Z,Vehicle,VH-0069,,,,,,,R-015,DRV-024,Driver 24,West DC,WH-West,West,Alert,47,142,,,,,,,,,,,,,,66,,,,,,,
VH-0069,33.9892,-118.3117,2026-05-29T06:40:00.000Z,Vehicle,VH-0069,,,,,,,R-015,DRV-024,Driver 24,West DC,WH-West,West,Active,48,164,,,,,,,,,,,,,,67,,,,,,,
VH-0069,34.0072,-118.2897,2026-05-29T06:05:00.000Z,Vehicle,VH-0069,,,,,,,R-015,DRV-024,Driver 24,West DC,WH-West,West,Active,49,186,,,,,,,,,,,,,,68,,,,,,,
VH-0070,32.6867,-96.901,2026-05-29T10:50:00.000Z,Vehicle,VH-0070,,,,,,,R-016,DRV-025,Driver 25,Texas Hub,WH-Texas,Southwest,Alert,45,93,true,,,,,,,,,,,,,70,,,,,,,
VH-0070,32.7047,-96.879,2026-05-29T11:02:00.000Z,Vehicle,VH-0070,,,,,,,R-016,DRV-025,Driver 25,Texas Hub,WH-Texas,Southwest,Alert,46,115,true,,,,,,,,,,,,,71,,,,,,,
VH-0070,32.7227,-96.857,2026-05-29T11:14:00.000Z,Vehicle,VH-0070,,,,,,,R-016,DRV-025,Driver 25,Texas Hub,WH-Texas,Southwest,Alert,47,137,true,,,,,,,,,,,,,72,,,,,,,
VH-0070,32.7407,-96.835,2026-05-29T11:26:00.000Z,Vehicle,VH-0070,,,,,,,R-016,DRV-025,Driver 25,Texas Hub,WH-Texas,Southwest,Alert,48,159,true,,,,,,,,,,,,,73,,,,,,,
VH-0070,32.7587,-96.813,2026-05-29T11:38:00.000Z,Vehicle,VH-0070,,,,,,,R-016,DRV-025,Driver 25,Texas Hub,WH-Texas,Southwest,Alert,49,181,true,,,,,,,,,,,,,74,,,,,,,
VH-0070,32.7767,-96.791,2026-05-29T11:50:00.000Z,Vehicle,VH-0070,,,,,,,R-016,DRV-025,Driver 25,Texas Hub,WH-Texas,Southwest,Alert,50,203,true,,,,,,,,,,,,,75,,,,,,,
VH-0071,40.6907,-73.9872,2026-05-29T10:50:00.000Z,Vehicle,VH-0071,,,,,,,R-017,DRV-026,Driver 26,North DC,WH-North,Northeast,Maintenance,46,110,,,,,,,,,,,,,,77,,,,Inspection due,,,
VH-0071,40.7087,-73.9652,2026-05-29T11:02:00.000Z,Vehicle,VH-0071,,,,,,,R-017,DRV-026,Driver 26,North DC,WH-North,Northeast,Alert,47,132,,,,,,,,,,,,,,78,,,,,,,
VH-0071,40.7267,-73.9432,2026-05-29T11:14:00.000Z,Vehicle,VH-0071,,,,,,,R-017,DRV-026,Driver 26,North DC,WH-North,Northeast,Active,48,154,,,,,,,,,,,,,,79,,,,,,,
VH-0071,40.7447,-73.9212,2026-05-29T11:26:00.000Z,Vehicle,VH-0071,,,,,,,R-017,DRV-026,Driver 26,North DC,WH-North,Northeast,Active,49,176,,,,,,,,,,,,,,80,,,,,,,
VH-0071,40.7627,-73.8992,2026-05-29T11:38:00.000Z,Vehicle,VH-0071,,,,,,,R-017,DRV-026,Driver 26,North DC,WH-North,Northeast,Active,50,198,,,,,,,,,,,,,,81,,,,,,,
VH-0071,40.7807,-73.8772,2026-05-29T11:50:00.000Z,Vehicle,VH-0071,,,,,,,R-017,DRV-026,Driver 26,North DC,WH-North,Northeast,Idle,0,220,,,,,,,,,,,,,,82,,,,,,,
VH-0072,33.749,-84.388,2026-05-29T10:50:00.000Z,Vehicle,VH-0072,,,,,,,R-018,DRV-027,Driver 27,South DC,WH-South,Southeast,Alert,47,127,,,,,,,,,,,,,,84,,,,,,,
VH-0072,33.767,-84.366,2026-05-29T11:02:00.000Z,Vehicle,VH-0072,,,,,,,R-018,DRV-027,Driver 27,South DC,WH-South,Southeast,Active,48,149,,,,,,,,,,,,,,85,,,,,,,
VH-0072,33.785,-84.344,2026-05-29T11:14:00.000Z,Vehicle,VH-0072,,,,,,,R-018,DRV-027,Driver 27,South DC,WH-South,Southeast,Active,49,171,,,,,,,,,,,,,,86,,,,,,,
VH-0072,33.803,-84.322,2026-05-29T11:26:00.000Z,Vehicle,VH-0072,,,,,,,R-018,DRV-027,Driver 27,South DC,WH-South,Southeast,Active,50,193,,,,,,,,,,,,,,87,,,,,,,
VH-0072,33.821,-84.3,2026-05-29T11:38:00.000Z,Vehicle,VH-0072,,,,,,,R-018,DRV-027,Driver 27,South DC,WH-South,Southeast,Idle,0,215,,,,,,,,,,,,,,88,,,,,,,
VH-0072,33.839,-84.278,2026-05-29T11:50:00.000Z,Vehicle,VH-0072,,,,,,,R-018,DRV-027,Driver 27,South DC,WH-South,Southeast,Delayed,52,237,,,,,,,,,,,,,,89,,,,,,,
VH-0073,41.9231,-87.5778,2026-05-29T10:50:00.000Z,Mobile Asset,VH-0073,AST-0073,,,,,,R-001,DRV-028,Driver 28,Central DC,WH-Central,Central,Active,48,144,,,,,,,,,,,,,,91,42,,,,,,
VH-0073,41.9411,-87.5558,2026-05-29T11:02:00.000Z,Mobile Asset,VH-0073,AST-0073,,,,,,R-001,DRV-028,Driver 28,Central DC,WH-Central,Central,Active,49,166,,,,,,,,,,,,,,92,43,,,,,,
VH-0073,41.9591,-87.5338,2026-05-29T11:14:00.000Z,Mobile Asset,VH-0073,AST-0073,,,,,,R-001,DRV-028,Driver 28,Central DC,WH-Central,Central,Active,50,188,,,,,,,,,,,,,,93,44,,,,,,
VH-0073,41.9771,-87.5118,2026-05-29T11:26:00.000Z,Mobile Asset,VH-0073,AST-0073,,,,,,R-001,DRV-028,Driver 28,Central DC,WH-Central,Central,Idle,0,210,,,,,,,,,,,,,,94,45,,,,,,
VH-0073,41.9951,-87.4898,2026-05-29T11:38:00.000Z,Mobile Asset,VH-0073,AST-0073,,,,,,R-001,DRV-028,Driver 28,Central DC,WH-Central,Central,Delayed,52,232,,,,,,,,,,,,,,95,46,,,,,,
VH-0073,42.0131,-87.4678,2026-05-29T11:50:00.000Z,Mobile Asset,VH-0073,AST-0073,,,,,,R-001,DRV-028,Driver 28,Central DC,WH-Central,Central,Offline,0,254,,,,,,,,,,,,,,96,47,,,,,,
VH-0074,34.1422,-118.1397,2026-05-29T10:50:00.000Z,Vehicle,VH-0074,,,,,,,R-002,DRV-029,Driver 29,West DC,WH-West,West,Active,49,161,,,,,,,,,,,,,,25,,,,,,,
VH-0074,34.1602,-118.1177,2026-05-29T11:02:00.000Z,Vehicle,VH-0074,,,,,,,R-002,DRV-029,Driver 29,West DC,WH-West,West,Active,50,183,,,,,,,,,,,,,,26,,,,,,,
VH-0074,34.1782,-118.0957,2026-05-29T11:14:00.000Z,Vehicle,VH-0074,,,,,,,R-002,DRV-029,Driver 29,West DC,WH-West,West,Idle,0,205,,,,,,,,,,,,,,27,,,,,,,
VH-0074,34.1962,-118.0737,2026-05-29T11:26:00.000Z,Vehicle,VH-0074,,,,,,,R-002,DRV-029,Driver 29,West DC,WH-West,West,Delayed,52,227,,,,,,,,,,,,,,28,,,,,,,
VH-0074,34.2142,-118.0517,2026-05-29T11:38:00.000Z,Vehicle,VH-0074,,,,,,,R-002,DRV-029,Driver 29,West DC,WH-West,West,Offline,0,249,,,,,,,,,,,,,,29,,,,,,,
VH-0074,34.2322,-118.0297,2026-05-29T11:50:00.000Z,Vehicle,VH-0074,,,,,,,R-002,DRV-029,Driver 29,West DC,WH-West,West,Maintenance,54,271,,,,,,,,,,,,,,30,,,,Inspection due,,,
VH-0075,32.9117,-96.641,2026-05-29T10:50:00.000Z,Vehicle,VH-0075,,,,,,,R-003,DRV-030,Driver 30,Texas Hub,WH-Texas,Southwest,Active,50,178,,,,,,,,,,,,,,32,,,,,,,
VH-0075,32.9297,-96.619,2026-05-29T11:02:00.000Z,Vehicle,VH-0075,,,,,,,R-003,DRV-030,Driver 30,Texas Hub,WH-Texas,Southwest,Idle,0,200,,,,,,,,,,,,,,33,,,,,,,
VH-0075,32.9477,-96.597,2026-05-29T11:14:00.000Z,Vehicle,VH-0075,,,,,,,R-003,DRV-030,Driver 30,Texas Hub,WH-Texas,Southwest,Delayed,52,222,,,,,,,,,,,,,,34,,,,,,,
VH-0075,32.9657,-96.575,2026-05-29T11:26:00.000Z,Vehicle,VH-0075,,,,,,,R-003,DRV-030,Driver 30,Texas Hub,WH-Texas,Southwest,Offline,0,244,,,,,,,,,,,,,,35,,,,,,,
VH-0075,32.9837,-96.553,2026-05-29T11:38:00.000Z,Vehicle,VH-0075,,,,,,,R-003,DRV-030,Driver 30,Texas Hub,WH-Texas,Southwest,Maintenance,54,266,,,,,,,,,,,,,,36,,,,Inspection due,,,
VH-0075,33.0017,-96.531,2026-05-29T11:50:00.000Z,Vehicle,VH-0075,,,,,,,R-003,DRV-030,Driver 30,Texas Hub,WH-Texas,Southwest,Alert,55,288,,,,,,,,,,,,,,37,,,,,,,
VH-0076,40.9157,-73.7272,2026-05-29T10:50:00.000Z,Vehicle,VH-0076,,,,,,,R-004,DRV-031,Driver 31,North DC,WH-North,Northeast,Idle,0,195,,,,,,,,,,,,,,39,,,,,,,
VH-0076,40.9337,-73.7052,2026-05-29T11:02:00.000Z,Vehicle,VH-0076,,,,,,,R-004,DRV-031,Driver 31,North DC,WH-North,Northeast,Delayed,52,217,,,,,,,,,,,,,,40,,,,,,,
VH-0076,40.9517,-73.6832,2026-05-29T11:14:00.000Z,Vehicle,VH-0076,,,,,,,R-004,DRV-031,Driver 31,North DC,WH-North,Northeast,Offline,0,239,,,,,,,,,,,,,,41,,,,,,,
VH-0076,40.9697,-73.6612,2026-05-29T11:26:00.000Z,Vehicle,VH-0076,,,,,,,R-004,DRV-031,Driver 31,North DC,WH-North,Northeast,Maintenance,54,261,,,,,,,,,,,,,,42,,,,Inspection due,,,
VH-0076,40.9877,-73.6392,2026-05-29T11:38:00.000Z,Vehicle,VH-0076,,,,,,,R-004,DRV-031,Driver 31,North DC,WH-North,Northeast,Alert,55,283,,,,,,,,,,,,,,43,,,,,,,
VH-0076,41.0057,-73.6172,2026-05-29T11:50:00.000Z,Vehicle,VH-0076,,,,,,,R-004,DRV-031,Driver 31,North DC,WH-North,Northeast,Active,56,305,,,,,,,,,,,,,,44,,,,,,,
VH-0077,33.974,-84.128,2026-05-29T10:50:00.000Z,Vehicle,VH-0077,,,,,,,R-005,DRV-032,Driver 32,South DC,WH-South,Southeast,Delayed,52,212,,,,,,,,,,,,,,46,,,,,,,
VH-0077,33.992,-84.106,2026-05-29T11:02:00.000Z,Vehicle,VH-0077,,,,,,,R-005,DRV-032,Driver 32,South DC,WH-South,Southeast,Offline,0,234,,,,,,,,,,,,,,47,,,,,,,
VH-0077,34.01,-84.084,2026-05-29T11:14:00.000Z,Vehicle,VH-0077,,,,,,,R-005,DRV-032,Driver 32,South DC,WH-South,Southeast,Maintenance,54,256,,,,,,,,,,,,,,48,,,,Inspection due,,,
VH-0077,34.028,-84.062,2026-05-29T11:26:00.000Z,Vehicle,VH-0077,,,,,,,R-005,DRV-032,Driver 32,South DC,WH-South,Southeast,Alert,55,278,,,,,,,,,,,,,,49,,,,,,,
VH-0077,34.046,-84.04,2026-05-29T11:38:00.000Z,Vehicle,VH-0077,,,,,,,R-005,DRV-032,Driver 32,South DC,WH-South,Southeast,Active,56,300,,,,,,,,,,,,,,50,,,,,,,
VH-0077,34.064,-84.018,2026-05-29T11:50:00.000Z,Vehicle,VH-0077,,,,,,,R-005,DRV-032,Driver 32,South DC,WH-South,Southeast,Active,57,322,,,,,,,,,,,,,,51,,,,,,,
VH-0078,41.6531,-87.3178,2026-05-29T10:50:00.000Z,Vehicle,VH-0078,,,,,,,R-006,DRV-033,Driver 33,Central DC,WH-Central,Central,Offline,0,229,,,,,,,,,,,,,,53,,,,,,,
VH-0078,41.6711,-87.2958,2026-05-29T11:02:00.000Z,Vehicle,VH-0078,,,,,,,R-006,DRV-033,Driver 33,Central DC,WH-Central,Central,Maintenance,54,251,,,,,,,,,,,,,,54,,,,Inspection due,,,
VH-0078,41.6891,-87.2738,2026-05-29T11:14:00.000Z,Vehicle,VH-0078,,,,,,,R-006,DRV-033,Driver 33,Central DC,WH-Central,Central,Alert,55,273,,,,,,,,,,,,,,55,,,,,,,
VH-0078,41.7071,-87.2518,2026-05-29T11:26:00.000Z,Vehicle,VH-0078,,,,,,,R-006,DRV-033,Driver 33,Central DC,WH-Central,Central,Active,56,295,,,,,,,,,,,,,,56,,,,,,,
VH-0078,41.7251,-87.2298,2026-05-29T11:38:00.000Z,Vehicle,VH-0078,,,,,,,R-006,DRV-033,Driver 33,Central DC,WH-Central,Central,Active,57,317,,,,,,,,,,,,,,57,,,,,,,
VH-0078,41.7431,-87.2078,2026-05-29T11:50:00.000Z,Vehicle,VH-0078,,,,,,,R-006,DRV-033,Driver 33,Central DC,WH-Central,Central,Active,58,339,,,,,,,,,,,,,,58,,,,,,,
VH-0079,33.8722,-118.5557,2026-05-29T10:50:00.000Z,Vehicle,VH-0079,,,,,,,R-007,DRV-034,Driver 34,West DC,WH-West,West,Maintenance,54,246,,,,,,,,,,,,,,60,,,,Inspection due,,,
VH-0079,33.8902,-118.5337,2026-05-29T11:02:00.000Z,Vehicle,VH-0079,,,,,,,R-007,DRV-034,Driver 34,West DC,WH-West,West,Alert,55,268,,,,,,,,,,,,,,61,,,,,,,
VH-0079,33.9082,-118.5117,2026-05-29T11:14:00.000Z,Vehicle,VH-0079,,,,,,,R-007,DRV-034,Driver 34,West DC,WH-West,West,Active,56,290,,,,,,,,,,,,,,62,,,,,,,
VH-0079,33.9262,-118.4897,2026-05-29T11:26:00.000Z,Vehicle,VH-0079,,,,,,,R-007,DRV-034,Driver 34,West DC,WH-West,West,Active,57,312,,,,,,,,,,,,,,63,,,,,,,
VH-0079,33.9442,-118.4677,2026-05-29T11:38:00.000Z,Vehicle,VH-0079,,,,,,,R-007,DRV-034,Driver 34,West DC,WH-West,West,Active,58,334,,,,,,,,,,,,,,64,,,,,,,
VH-0079,33.9622,-118.4457,2026-05-29T11:50:00.000Z,Vehicle,VH-0079,,,,,,,R-007,DRV-034,Driver 34,West DC,WH-West,West,Idle,0,356,,,,,,,,,,,,,,65,,,,,,,
VH-0080,32.6417,-97.057,2026-05-29T10:50:00.000Z,Vehicle,VH-0080,,,,,,,R-008,DRV-035,Driver 35,Texas Hub,WH-Texas,Southwest,Alert,55,263,,,,,,,,,,,,,,67,,,,,,,
VH-0080,32.6597,-97.035,2026-05-29T11:02:00.000Z,Vehicle,VH-0080,,,,,,,R-008,DRV-035,Driver 35,Texas Hub,WH-Texas,Southwest,Active,56,285,,,,,,,,,,,,,,68,,,,,,,
VH-0080,32.6777,-97.013,2026-05-29T11:14:00.000Z,Vehicle,VH-0080,,,,,,,R-008,DRV-035,Driver 35,Texas Hub,WH-Texas,Southwest,Active,57,307,,,,,,,,,,,,,,69,,,,,,,
VH-0080,32.6957,-96.991,2026-05-29T11:26:00.000Z,Vehicle,VH-0080,,,,,,,R-008,DRV-035,Driver 35,Texas Hub,WH-Texas,Southwest,Active,58,329,,,,,,,,,,,,,,70,,,,,,,
VH-0080,32.7137,-96.969,2026-05-29T11:38:00.000Z,Vehicle,VH-0080,,,,,,,R-008,DRV-035,Driver 35,Texas Hub,WH-Texas,Southwest,Idle,0,351,,,,,,,,,,,,,,71,,,,,,,
VH-0080,32.7317,-96.947,2026-05-29T11:50:00.000Z,Vehicle,VH-0080,,,,,,,R-008,DRV-035,Driver 35,Texas Hub,WH-Texas,Southwest,Delayed,18,13,,,,,,,,,,,,,,72,,,,,,,
VH-0081,40.6457,-74.1432,2026-05-29T10:50:00.000Z,Mobile Asset,VH-0081,AST-0081,,,,,,R-009,DRV-036,Driver 36,North DC,WH-North,Northeast,Active,56,280,,,,,,,,,,,,,,74,50,,,,,,
VH-0081,40.6637,-74.1212,2026-05-29T11:02:00.000Z,Mobile Asset,VH-0081,AST-0081,,,,,,R-009,DRV-036,Driver 36,North DC,WH-North,Northeast,Active,57,302,,,,,,,,,,,,,,75,51,,,,,,
VH-0081,40.6817,-74.0992,2026-05-29T11:14:00.000Z,Mobile Asset,VH-0081,AST-0081,,,,,,R-009,DRV-036,Driver 36,North DC,WH-North,Northeast,Active,58,324,,,,,,,,,,,,,,76,52,,,,,,
VH-0081,40.6997,-74.0772,2026-05-29T11:26:00.000Z,Mobile Asset,VH-0081,AST-0081,,,,,,R-009,DRV-036,Driver 36,North DC,WH-North,Northeast,Idle,0,346,,,,,,,,,,,,,,77,53,,,,,,
VH-0081,40.7177,-74.0552,2026-05-29T11:38:00.000Z,Mobile Asset,VH-0081,AST-0081,,,,,,R-009,DRV-036,Driver 36,North DC,WH-North,Northeast,Delayed,18,8,,,,,,,,,,,,,,78,54,,,,,,
VH-0081,40.7357,-74.0332,2026-05-29T11:50:00.000Z,Mobile Asset,VH-0081,AST-0081,,,,,,R-009,DRV-036,Driver 36,North DC,WH-North,Northeast,Offline,0,30,,,,,,,,,,,,,,79,55,,,,,,
VH-0082,33.704,-84.544,2026-05-29T10:50:00.000Z,Vehicle,VH-0082,,,,,,,R-010,DRV-037,Driver 37,South DC,WH-South,Southeast,Active,57,297,,,,,,,,,,,,,,81,,,,,,,
VH-0082,33.722,-84.522,2026-05-29T11:02:00.000Z,Vehicle,VH-0082,,,,,,,R-010,DRV-037,Driver 37,South DC,WH-South,Southeast,Active,58,319,,,,,,,,,,,,,,82,,,,,,,
VH-0082,33.74,-84.5,2026-05-29T11:14:00.000Z,Vehicle,VH-0082,,,,,,,R-010,DRV-037,Driver 37,South DC,WH-South,Southeast,Idle,0,341,,,,,,,,,,,,,,83,,,,,,,
VH-0082,33.758,-84.478,2026-05-29T11:26:00.000Z,Vehicle,VH-0082,,,,,,,R-010,DRV-037,Driver 37,South DC,WH-South,Southeast,Delayed,18,3,,,,,,,,,,,,,,84,,,,,,,
VH-0082,33.776,-84.456,2026-05-29T11:38:00.000Z,Vehicle,VH-0082,,,,,,,R-010,DRV-037,Driver 37,South DC,WH-South,Southeast,Offline,0,25,,,,,,,,,,,,,,85,,,,,,,
VH-0082,33.794,-84.434,2026-05-29T11:50:00.000Z,Vehicle,VH-0082,,,,,,,R-010,DRV-037,Driver 37,South DC,WH-South,Southeast,Maintenance,20,47,,,,,,,,,,,,,,86,,,,Inspection due,,,
VH-0083,41.8781,-87.7338,2026-05-29T10:50:00.000Z,Vehicle,VH-0083,,,,,,,R-011,DRV-038,Driver 38,Central DC,WH-Central,Central,Active,58,314,,,,,,,,,,,,,,88,,,,,,,
VH-0083,41.8961,-87.7118,2026-05-29T11:02:00.000Z,Vehicle,VH-0083,,,,,,,R-011,DRV-038,Driver 38,Central DC,WH-Central,Central,Idle,0,336,,,,,,,,,,,,,,89,,,,,,,
VH-0083,41.9141,-87.6898,2026-05-29T11:14:00.000Z,Vehicle,VH-0083,,,,,,,R-011,DRV-038,Driver 38,Central DC,WH-Central,Central,Delayed,18,358,,,,,,,,,,,,,,90,,,,,,,
VH-0083,41.9321,-87.6678,2026-05-29T11:26:00.000Z,Vehicle,VH-0083,,,,,,,R-011,DRV-038,Driver 38,Central DC,WH-Central,Central,Offline,0,20,,,,,,,,,,,,,,91,,,,,,,
VH-0083,41.9501,-87.6458,2026-05-29T11:38:00.000Z,Vehicle,VH-0083,,,,,,,R-011,DRV-038,Driver 38,Central DC,WH-Central,Central,Maintenance,20,42,,,,,,,,,,,,,,92,,,,Inspection due,,,
VH-0083,41.9681,-87.6238,2026-05-29T11:50:00.000Z,Vehicle,VH-0083,,,,,,,R-011,DRV-038,Driver 38,Central DC,WH-Central,Central,Alert,21,64,,,,,,,,,,,,,,93,,,,,,,
VH-0084,34.0972,-118.2957,2026-05-29T10:50:00.000Z,Vehicle,VH-0084,,,,,,,R-012,DRV-039,Driver 39,West DC,WH-West,West,Idle,0,331,,,,,,,,,,,,,,95,,,,,,,
VH-0084,34.1152,-118.2737,2026-05-29T11:02:00.000Z,Vehicle,VH-0084,,,,,,,R-012,DRV-039,Driver 39,West DC,WH-West,West,Delayed,18,353,,,,,,,,,,,,,,96,,,,,,,
VH-0084,34.1332,-118.2517,2026-05-29T11:14:00.000Z,Vehicle,VH-0084,,,,,,,R-012,DRV-039,Driver 39,West DC,WH-West,West,Offline,0,15,,,,,,,,,,,,,,97,,,,,,,
VH-0084,34.1512,-118.2297,2026-05-29T11:26:00.000Z,Vehicle,VH-0084,,,,,,,R-012,DRV-039,Driver 39,West DC,WH-West,West,Maintenance,20,37,,,,,,,,,,,,,,25,,,,Inspection due,,,
VH-0084,34.1692,-118.2077,2026-05-29T11:38:00.000Z,Vehicle,VH-0084,,,,,,,R-012,DRV-039,Driver 39,West DC,WH-West,West,Alert,21,59,,,,,,,,,,,,,,26,,,,,,,
VH-0084,34.1872,-118.1857,2026-05-29T11:50:00.000Z,Vehicle,VH-0084,,,,,,,R-012,DRV-039,Driver 39,West DC,WH-West,West,Active,22,81,,,,,,,,,,,,,,27,,,,,,,
VH-0085,32.8667,-96.797,2026-05-29T10:50:00.000Z,Vehicle,VH-0085,,,,,,,R-013,DRV-040,Driver 40,Texas Hub,WH-Texas,Southwest,Delayed,18,348,,,,,,,,,,,,,,29,,,,,,,
VH-0085,32.8847,-96.775,2026-05-29T11:02:00.000Z,Vehicle,VH-0085,,,,,,,R-013,DRV-040,Driver 40,Texas Hub,WH-Texas,Southwest,Offline,0,10,,,,,,,,,,,,,,30,,,,,,,
VH-0085,32.9027,-96.753,2026-05-29T11:14:00.000Z,Vehicle,VH-0085,,,,,,,R-013,DRV-040,Driver 40,Texas Hub,WH-Texas,Southwest,Maintenance,20,32,,,,,,,,,,,,,,31,,,,Inspection due,,,
VH-0085,32.9207,-96.731,2026-05-29T11:26:00.000Z,Vehicle,VH-0085,,,,,,,R-013,DRV-040,Driver 40,Texas Hub,WH-Texas,Southwest,Alert,21,54,,,,,,,,,,,,,,32,,,,,,,
VH-0085,32.9387,-96.709,2026-05-29T11:38:00.000Z,Vehicle,VH-0085,,,,,,,R-013,DRV-040,Driver 40,Texas Hub,WH-Texas,Southwest,Active,22,76,,,,,,,,,,,,,,33,,,,,,,
VH-0085,32.9567,-96.687,2026-05-29T11:50:00.000Z,Vehicle,VH-0085,,,,,,,R-013,DRV-040,Driver 40,Texas Hub,WH-Texas,Southwest,Active,23,98,,,,,,,,,,,,,,34,,,,,,,
VH-0086,40.8707,-73.8832,2026-05-29T09:00:00.000Z,Vehicle,VH-0086,,,,,,,R-014,DRV-041,Driver 41,North DC,WH-North,Northeast,Offline,0,5,,,,,,,,,,,,,,36,,,,,,,
VH-0086,40.8887,-73.8612,2026-05-29T08:25:00.000Z,Vehicle,VH-0086,,,,,,,R-014,DRV-041,Driver 41,North DC,WH-North,Northeast,Maintenance,20,27,,,,,,,,,,,,,,37,,,,Inspection due,,,
VH-0086,40.9067,-73.8392,2026-05-29T07:50:00.000Z,Vehicle,VH-0086,,,,,,,R-014,DRV-041,Driver 41,North DC,WH-North,Northeast,Alert,21,49,,,,,,,,,,,,,,38,,,,,,,
VH-0086,40.9247,-73.8172,2026-05-29T07:15:00.000Z,Vehicle,VH-0086,,,,,,,R-014,DRV-041,Driver 41,North DC,WH-North,Northeast,Active,22,71,,,,,,,,,,,,,,39,,,,,,,
VH-0086,40.9427,-73.7952,2026-05-29T06:40:00.000Z,Vehicle,VH-0086,,,,,,,R-014,DRV-041,Driver 41,North DC,WH-North,Northeast,Active,23,93,,,,,,,,,,,,,,40,,,,,,,
VH-0086,40.9607,-73.7732,2026-05-29T06:05:00.000Z,Vehicle,VH-0086,,,,,,,R-014,DRV-041,Driver 41,North DC,WH-North,Northeast,Active,24,115,,,,,,,,,,,,,,41,,,,,,,
VH-0087,33.929,-84.284,2026-05-29T10:50:00.000Z,Vehicle,VH-0087,,,,,,,R-015,DRV-042,Driver 42,South DC,WH-South,Southeast,Maintenance,20,22,,,,,,,,,,,,,,43,,,,Inspection due,,,
VH-0087,33.947,-84.262,2026-05-29T11:02:00.000Z,Vehicle,VH-0087,,,,,,,R-015,DRV-042,Driver 42,South DC,WH-South,Southeast,Alert,21,44,,,,,,,,,,,,,,44,,,,,,,
VH-0087,33.965,-84.24,2026-05-29T11:14:00.000Z,Vehicle,VH-0087,,,,,,,R-015,DRV-042,Driver 42,South DC,WH-South,Southeast,Active,22,66,,,,,,,,,,,,,,45,,,,,,,
VH-0087,33.983,-84.218,2026-05-29T11:26:00.000Z,Vehicle,VH-0087,,,,,,,R-015,DRV-042,Driver 42,South DC,WH-South,Southeast,Active,23,88,,,,,,,,,,,,,,46,,,,,,,
VH-0087,34.001,-84.196,2026-05-29T11:38:00.000Z,Vehicle,VH-0087,,,,,,,R-015,DRV-042,Driver 42,South DC,WH-South,Southeast,Active,24,110,,,,,,,,,,,,,,47,,,,,,,
VH-0087,34.019,-84.174,2026-05-29T11:50:00.000Z,Vehicle,VH-0087,,,,,,,R-015,DRV-042,Driver 42,South DC,WH-South,Southeast,Idle,0,132,,,,,,,,,,,,,,48,,,,,,,
VH-0088,42.1031,-87.4738,2026-05-29T10:50:00.000Z,Vehicle,VH-0088,,,,,,,R-016,DRV-043,Driver 43,Central DC,WH-Central,Central,Offline,0,39,,,,,,,,,,,,,,50,,,,,,,
VH-0088,42.1211,-87.4518,2026-05-29T11:02:00.000Z,Vehicle,VH-0088,,,,,,,R-016,DRV-043,Driver 43,Central DC,WH-Central,Central,Offline,0,61,,,,,,,,,,,,,,51,,,,,,,
VH-0088,42.1391,-87.4298,2026-05-29T11:14:00.000Z,Vehicle,VH-0088,,,,,,,R-016,DRV-043,Driver 43,Central DC,WH-Central,Central,Offline,0,83,,,,,,,,,,,,,,52,,,,,,,
VH-0088,42.1571,-87.4078,2026-05-29T11:26:00.000Z,Vehicle,VH-0088,,,,,,,R-016,DRV-043,Driver 43,Central DC,WH-Central,Central,Offline,0,105,,,,,,,,,,,,,,53,,,,,,,
VH-0088,42.1751,-87.3858,2026-05-29T11:38:00.000Z,Vehicle,VH-0088,,,,,,,R-016,DRV-043,Driver 43,Central DC,WH-Central,Central,Offline,0,127,,,,,,,,,,,,,,54,,,,,,,
VH-0088,42.1931,-87.3638,2026-05-29T11:50:00.000Z,Vehicle,VH-0088,,,,,,,R-016,DRV-043,Driver 43,Central DC,WH-Central,Central,Offline,0,149,,,,,,,,,,,,,,55,,,,,,,
VH-0089,33.8272,-118.0357,2026-05-29T10:50:00.000Z,Mobile Asset,VH-0089,AST-0089,,,,,,R-017,DRV-044,Driver 44,West DC,WH-West,West,Active,22,56,,,,,,,,,,,,,,57,58,,,,,,
VH-0089,33.8452,-118.0137,2026-05-29T11:02:00.000Z,Mobile Asset,VH-0089,AST-0089,,,,,,R-017,DRV-044,Driver 44,West DC,WH-West,West,Active,23,78,,,,,,,,,,,,,,58,59,,,,,,
VH-0089,33.8632,-117.9917,2026-05-29T11:14:00.000Z,Mobile Asset,VH-0089,AST-0089,,,,,,R-017,DRV-044,Driver 44,West DC,WH-West,West,Active,24,100,,,,,,,,,,,,,,59,60,,,,,,
VH-0089,33.8812,-117.9697,2026-05-29T11:26:00.000Z,Mobile Asset,VH-0089,AST-0089,,,,,,R-017,DRV-044,Driver 44,West DC,WH-West,West,Idle,0,122,,,,,,,,,,,,,,60,61,,,,,,
VH-0089,33.8992,-117.9477,2026-05-29T11:38:00.000Z,Mobile Asset,VH-0089,AST-0089,,,,,,R-017,DRV-044,Driver 44,West DC,WH-West,West,Delayed,26,144,,,,,,,,,,,,,,61,62,,,,,,
VH-0089,33.9172,-117.9257,2026-05-29T11:50:00.000Z,Mobile Asset,VH-0089,AST-0089,,,,,,R-017,DRV-044,Driver 44,West DC,WH-West,West,Offline,0,166,,,,,,,,,,,,,,62,63,,,,,,
VH-0090,32.5967,-96.537,2026-05-29T10:50:00.000Z,Vehicle,VH-0090,,,,,,,R-018,DRV-045,Driver 45,Texas Hub,WH-Texas,Southwest,Active,23,73,,,,,,,,,,,,,,64,,,,,,,
VH-0090,32.6147,-96.515,2026-05-29T11:02:00.000Z,Vehicle,VH-0090,,,,,,,R-018,DRV-045,Driver 45,Texas Hub,WH-Texas,Southwest,Active,24,95,,,,,,,,,,,,,,65,,,,,,,
VH-0090,32.6327,-96.493,2026-05-29T11:14:00.000Z,Vehicle,VH-0090,,,,,,,R-018,DRV-045,Driver 45,Texas Hub,WH-Texas,Southwest,Idle,0,117,,,,,,,,,,,,,,66,,,,,,,
VH-0090,32.6507,-96.471,2026-05-29T11:26:00.000Z,Vehicle,VH-0090,,,,,,,R-018,DRV-045,Driver 45,Texas Hub,WH-Texas,Southwest,Delayed,26,139,,,,,,,,,,,,,,67,,,,,,,
VH-0090,32.6687,-96.449,2026-05-29T11:38:00.000Z,Vehicle,VH-0090,,,,,,,R-018,DRV-045,Driver 45,Texas Hub,WH-Texas,Southwest,Offline,0,161,,,,,,,,,,,,,,68,,,,,,,
VH-0090,32.6867,-96.427,2026-05-29T11:50:00.000Z,Vehicle,VH-0090,,,,,,,R-018,DRV-045,Driver 45,Texas Hub,WH-Texas,Southwest,Maintenance,28,183,,,,,,,,,,,,,,69,,,,Inspection due,,,
DLV-00001,40.4757,-74.2862,2026-05-29T11:45:00.000Z,Service Stop,,,DLV-00001,ORD-50000,PKG-80000,STOP-00001,1,R-001,DRV-001,Driver 1,North DC,WH-North,Northeast,Pending,,,,High,2026-05-29T11:10:00.000Z,2026-05-29T11:30:00.000Z,,2026-05-29T10:50:00.000Z,2026-05-29T11:55:00.000Z,,,,,40.4877,-74.2682,,,42,,,Cold chain,25,true
DLV-00002,33.526,-84.696,2026-05-29T11:46:00.000Z,Delivery,,,DLV-00002,ORD-50001,PKG-80001,STOP-00002,2,R-002,DRV-002,Driver 2,South DC,WH-South,Southeast,In Transit,,,,Normal,2026-05-29T11:11:00.000Z,2026-05-29T11:31:00.000Z,,2026-05-29T10:51:00.000Z,2026-05-29T11:56:00.000Z,,,,,33.532,-84.684,,,,,,General,33,
DLV-00003,41.6921,-87.8948,2026-05-29T11:47:00.000Z,Delivery,,,DLV-00003,ORD-50002,PKG-80002,STOP-00003,3,R-003,DRV-003,Driver 3,Central DC,WH-Central,Central,Completed,,,,Normal,2026-05-29T11:12:00.000Z,2026-05-29T11:32:00.000Z,2026-05-29T11:30:00.000Z,2026-05-29T10:52:00.000Z,2026-05-29T11:57:00.000Z,2026-05-29T11:37:00.000Z,,,,41.6921,-87.8888,,,,,,General,41,
DLV-00004,33.9032,-118.4657,2026-05-29T11:48:00.000Z,Service Stop,,,DLV-00004,ORD-50003,PKG-80003,STOP-00004,4,R-004,DRV-004,Driver 4,West DC,WH-West,West,Completed,,,,Normal,2026-05-29T11:13:00.000Z,2026-05-29T11:33:00.000Z,2026-05-29T11:31:00.000Z,2026-05-29T10:53:00.000Z,2026-05-29T11:58:00.000Z,2026-05-29T11:38:00.000Z,,,,33.8972,-118.4657,,,,,,General,49,
DLV-00005,32.6647,-96.976,2026-05-29T11:49:00.000Z,Delivery,,,DLV-00005,ORD-50004,PKG-80004,STOP-00005,5,R-005,DRV-005,Driver 5,Texas Hub,WH-Texas,Southwest,Delayed,,,,Normal,2026-05-29T11:14:00.000Z,2026-05-29T12:24:00.000Z,,2026-05-29T10:54:00.000Z,2026-05-29T11:59:00.000Z,,,Traffic delay,true,32.6527,-96.982,,,,,,General,57,
DLV-00006,40.6307,-74.0712,2026-05-29T11:50:00.000Z,Delivery,,,DLV-00006,ORD-50005,PKG-80005,STOP-00006,6,R-006,DRV-006,Driver 6,North DC,WH-North,Northeast,Failed,,,,Normal,2026-05-29T11:15:00.000Z,2026-05-29T11:35:00.000Z,,2026-05-29T10:55:00.000Z,2026-05-29T12:00:00.000Z,,Customer unavailable,Failed stop,,40.6427,-74.0832,,,,,,Fragile,65,
DLV-00007,33.681,-84.481,2026-05-29T11:51:00.000Z,Service Stop,,,DLV-00007,ORD-50006,PKG-80006,STOP-00007,7,R-007,DRV-007,Driver 7,South DC,WH-South,Southeast,At Risk,,,,Normal,2026-05-29T11:16:00.000Z,2026-05-29T12:26:00.000Z,,2026-05-29T10:56:00.000Z,2026-05-29T12:01:00.000Z,,,Traffic delay,,33.687,-84.499,,,,,,General,73,
DLV-00008,41.8471,-87.7218,2026-05-29T11:52:00.000Z,Delivery,,,DLV-00008,ORD-50007,PKG-80007,STOP-00008,8,R-008,DRV-008,Driver 8,Central DC,WH-Central,Central,Pending,,,,Normal,2026-05-29T11:17:00.000Z,2026-05-29T11:37:00.000Z,,2026-05-29T10:57:00.000Z,2026-05-29T12:02:00.000Z,,,,,41.8471,-87.7038,,,,,,General,81,
DLV-00009,34.0582,-118.2927,2026-05-29T11:53:00.000Z,Delivery,,,DLV-00009,ORD-50008,PKG-80008,STOP-00009,9,R-009,DRV-009,Driver 9,West DC,WH-West,West,In Transit,,,,Normal,2026-05-29T11:18:00.000Z,2026-05-29T11:38:00.000Z,,2026-05-29T10:58:00.000Z,2026-05-29T12:03:00.000Z,,,,,34.0522,-118.2807,,,,,,General,89,
DLV-00010,32.8197,-96.803,2026-05-29T11:54:00.000Z,Service Stop,,,DLV-00010,ORD-50009,PKG-80009,STOP-00010,10,R-010,DRV-010,Driver 10,Texas Hub,WH-Texas,Southwest,Completed,,,,Normal,2026-05-29T11:19:00.000Z,2026-05-29T11:39:00.000Z,2026-05-29T11:37:00.000Z,2026-05-29T10:59:00.000Z,2026-05-29T12:04:00.000Z,2026-05-29T11:44:00.000Z,,,,32.8077,-96.797,,,51,,,Cold chain,97,true
DLV-00011,40.7857,-73.8982,2026-05-29T11:55:00.000Z,Delivery,,,DLV-00011,ORD-50010,PKG-80010,STOP-00011,11,R-011,DRV-011,Driver 11,North DC,WH-North,Northeast,Completed,,,,Normal,2026-05-29T11:20:00.000Z,2026-05-29T11:40:00.000Z,2026-05-29T11:38:00.000Z,2026-05-29T11:00:00.000Z,2026-05-29T12:05:00.000Z,2026-05-29T11:45:00.000Z,,,,40.7977,-73.8982,,,,,,Fragile,105,
DLV-00012,33.836,-84.308,2026-05-29T11:56:00.000Z,Delivery,,,DLV-00012,ORD-50011,PKG-80011,STOP-00012,12,R-012,DRV-012,Driver 12,South DC,WH-South,Southeast,Delayed,,,,Normal,2026-05-29T11:21:00.000Z,2026-05-29T12:31:00.000Z,,2026-05-29T11:01:00.000Z,2026-05-29T12:06:00.000Z,,,Traffic delay,,33.842,-84.314,,,,,,General,113,
DLV-00013,42.0021,-87.5068,2026-05-29T11:57:00.000Z,Service Stop,,,DLV-00013,ORD-50012,PKG-80012,STOP-00013,13,R-013,DRV-013,Driver 13,Central DC,WH-Central,Central,Failed,,,,Normal,2026-05-29T11:22:00.000Z,2026-05-29T11:42:00.000Z,,2026-05-29T11:02:00.000Z,2026-05-29T12:07:00.000Z,,Customer unavailable,Failed stop,,42.0021,-87.5188,,,,,,General,121,
DLV-00014,34.2132,-118.0777,2026-05-29T11:58:00.000Z,Delivery,,,DLV-00014,ORD-50013,PKG-80013,STOP-00014,14,R-014,DRV-014,Driver 14,West DC,WH-West,West,At Risk,,,,High,2026-05-29T11:23:00.000Z,2026-05-29T12:33:00.000Z,,2026-05-29T11:03:00.000Z,2026-05-29T12:08:00.000Z,,,Traffic delay,,34.2072,-118.0957,,,,,,General,129,
DLV-00015,32.9747,-96.63,2026-05-29T11:59:00.000Z,Delivery,,,DLV-00015,ORD-50014,PKG-80014,STOP-00015,15,R-015,DRV-015,Driver 15,Texas Hub,WH-Texas,Southwest,Pending,,,,Normal,2026-05-29T11:24:00.000Z,2026-05-29T11:44:00.000Z,,2026-05-29T11:04:00.000Z,2026-05-29T12:09:00.000Z,,,,,32.9627,-96.612,,,,,,General,137,
DLV-00016,40.9407,-73.7252,2026-05-29T12:00:00.000Z,Service Stop,,,DLV-00016,ORD-50015,PKG-80015,STOP-00016,16,R-016,DRV-016,Driver 16,North DC,WH-North,Northeast,In Transit,,,,Normal,2026-05-29T11:25:00.000Z,2026-05-29T11:45:00.000Z,,2026-05-29T11:05:00.000Z,2026-05-29T12:10:00.000Z,,,,,40.9527,-73.7132,,,,,,Fragile,145,
DLV-00017,33.991,-84.135,2026-05-29T12:01:00.000Z,Delivery,,,DLV-00017,ORD-50016,PKG-80016,STOP-00017,17,R-017,DRV-017,Driver 17,South DC,WH-South,Southeast,Completed,,,,Normal,2026-05-29T11:26:00.000Z,2026-05-29T11:46:00.000Z,2026-05-29T11:44:00.000Z,2026-05-29T11:06:00.000Z,2026-05-29T12:11:00.000Z,2026-05-29T11:51:00.000Z,,,,33.997,-84.129,,,,,,General,153,
DLV-00018,41.6301,-87.3338,2026-05-29T12:02:00.000Z,Delivery,,,DLV-00018,ORD-50017,PKG-80017,STOP-00018,18,R-018,DRV-018,Driver 18,Central DC,WH-Central,Central,Completed,,,,Normal,2026-05-29T11:27:00.000Z,2026-05-29T11:47:00.000Z,2026-05-29T11:45:00.000Z,2026-05-29T11:07:00.000Z,2026-05-29T12:12:00.000Z,2026-05-29T11:52:00.000Z,,,,41.6301,-87.3338,,,,,,General,161,
DLV-00019,33.8412,-117.9047,2026-05-29T12:03:00.000Z,Service Stop,,,DLV-00019,ORD-50018,PKG-80018,STOP-00019,19,R-001,DRV-019,Driver 19,West DC,WH-West,West,Delayed,,,,Normal,2026-05-29T11:28:00.000Z,2026-05-29T12:38:00.000Z,,2026-05-29T11:08:00.000Z,2026-05-29T12:13:00.000Z,,,Traffic delay,,33.8352,-117.9107,,,49,,,Cold chain,169,true
DLV-00020,32.6027,-97.118,2026-05-29T12:04:00.000Z,Delivery,,,DLV-00020,ORD-50019,PKG-80019,STOP-00020,20,R-002,DRV-020,Driver 20,Texas Hub,WH-Texas,Southwest,Failed,,,,Normal,2026-05-29T11:29:00.000Z,2026-05-29T11:49:00.000Z,,2026-05-29T11:09:00.000Z,2026-05-29T12:14:00.000Z,,Customer unavailable,Failed stop,,32.5907,-97.13,,,,,,General,177,
DLV-00021,40.5687,-74.2132,2026-05-29T12:05:00.000Z,Delivery,,,DLV-00021,ORD-50020,PKG-80020,STOP-00021,1,R-003,DRV-021,Driver 21,North DC,WH-North,Northeast,At Risk,,,,Normal,2026-05-29T11:30:00.000Z,2026-05-29T12:40:00.000Z,,2026-05-29T11:10:00.000Z,2026-05-29T12:15:00.000Z,,,Traffic delay,true,40.5807,-74.2312,,,,,,Fragile,185,
DLV-00022,33.619,-84.665,2026-05-29T12:06:00.000Z,Service Stop,,,DLV-00022,ORD-50021,PKG-80021,STOP-00022,2,R-004,DRV-022,Driver 22,South DC,WH-South,Southeast,Pending,,,,Normal,2026-05-29T11:31:00.000Z,2026-05-29T11:51:00.000Z,,2026-05-29T11:11:00.000Z,2026-05-29T12:16:00.000Z,,,,,33.625,-84.647,,,,,,General,193,
DLV-00023,41.7851,-87.8638,2026-05-29T12:07:00.000Z,Delivery,,,DLV-00023,ORD-50022,PKG-80022,STOP-00023,3,R-005,DRV-023,Driver 23,Central DC,WH-Central,Central,In Transit,,,,Normal,2026-05-29T11:32:00.000Z,2026-05-29T11:52:00.000Z,,2026-05-29T11:12:00.000Z,2026-05-29T12:17:00.000Z,,,,,41.7851,-87.8518,,,,,,General,201,
DLV-00024,33.9962,-118.4347,2026-05-29T12:08:00.000Z,Delivery,,,DLV-00024,ORD-50023,PKG-80023,STOP-00024,4,R-006,DRV-024,Driver 24,West DC,WH-West,West,Completed,,,,Normal,2026-05-29T11:33:00.000Z,2026-05-29T11:53:00.000Z,2026-05-29T11:51:00.000Z,2026-05-29T11:13:00.000Z,2026-05-29T12:18:00.000Z,2026-05-29T11:58:00.000Z,,,,33.9902,-118.4287,,,,,,General,209,
DLV-00025,32.7577,-96.945,2026-05-29T12:09:00.000Z,Service Stop,,,DLV-00025,ORD-50024,PKG-80024,STOP-00025,5,R-007,DRV-025,Driver 25,Texas Hub,WH-Texas,Southwest,Completed,,,,Normal,2026-05-29T11:34:00.000Z,2026-05-29T11:54:00.000Z,2026-05-29T11:52:00.000Z,2026-05-29T11:14:00.000Z,2026-05-29T12:19:00.000Z,2026-05-29T11:59:00.000Z,,,,32.7457,-96.945,,,,,,General,217,
DLV-00026,40.7237,-74.0402,2026-05-29T12:10:00.000Z,Delivery,,,DLV-00026,ORD-50025,PKG-80025,STOP-00026,6,R-008,DRV-026,Driver 26,North DC,WH-North,Northeast,Delayed,,,,Normal,2026-05-29T11:35:00.000Z,2026-05-29T12:45:00.000Z,,2026-05-29T11:15:00.000Z,2026-05-29T12:20:00.000Z,,,Traffic delay,,40.7357,-74.0462,,,,,,Fragile,225,
DLV-00027,33.774,-84.45,2026-05-29T12:11:00.000Z,Delivery,,,DLV-00027,ORD-50026,PKG-80026,STOP-00027,7,R-009,DRV-027,Driver 27,South DC,WH-South,Southeast,Failed,,,,High,2026-05-29T11:36:00.000Z,2026-05-29T11:56:00.000Z,,2026-05-29T11:16:00.000Z,2026-05-29T12:21:00.000Z,,Customer unavailable,Failed stop,,33.78,-84.462,,,,,,General,233,
DLV-00028,41.9401,-87.6488,2026-05-29T12:12:00.000Z,Service Stop,,,DLV-00028,ORD-50027,PKG-80027,STOP-00028,8,R-010,DRV-028,Driver 28,Central DC,WH-Central,Central,At Risk,,,,Normal,2026-05-29T11:37:00.000Z,2026-05-29T12:47:00.000Z,,2026-05-29T11:17:00.000Z,2026-05-29T12:22:00.000Z,,,Traffic delay,,41.9401,-87.6668,,,47,,,Cold chain,241,true
DLV-00029,34.1512,-118.2617,2026-05-29T12:13:00.000Z,Delivery,,,DLV-00029,ORD-50028,PKG-80028,STOP-00029,9,R-011,DRV-029,Driver 29,West DC,WH-West,West,Pending,,,,Normal,2026-05-29T11:38:00.000Z,2026-05-29T11:58:00.000Z,,2026-05-29T11:18:00.000Z,2026-05-29T12:23:00.000Z,,,,,34.1452,-118.2437,,,,,,General,249,
DLV-00030,32.9127,-96.772,2026-05-29T12:14:00.000Z,Delivery,,,DLV-00030,ORD-50029,PKG-80029,STOP-00030,10,R-012,DRV-030,Driver 30,Texas Hub,WH-Texas,Southwest,In Transit,,,,Normal,2026-05-29T11:39:00.000Z,2026-05-29T11:59:00.000Z,,2026-05-29T11:19:00.000Z,2026-05-29T12:24:00.000Z,,,,,32.9007,-96.76,,,,,,General,257,
DLV-00031,40.8787,-73.8672,2026-05-29T12:15:00.000Z,Service Stop,,,DLV-00031,ORD-50030,PKG-80030,STOP-00031,11,R-013,DRV-031,Driver 31,North DC,WH-North,Northeast,Completed,,,,Normal,2026-05-29T11:40:00.000Z,2026-05-29T12:00:00.000Z,2026-05-29T11:58:00.000Z,2026-05-29T11:20:00.000Z,2026-05-29T12:25:00.000Z,2026-05-29T12:05:00.000Z,,,,40.8907,-73.8612,,,,,,Fragile,265,
DLV-00032,33.929,-84.277,2026-05-29T12:16:00.000Z,Delivery,,,DLV-00032,ORD-50031,PKG-80031,STOP-00032,12,R-014,DRV-032,Driver 32,South DC,WH-South,Southeast,Completed,,,,Normal,2026-05-29T11:41:00.000Z,2026-05-29T12:01:00.000Z,2026-05-29T11:59:00.000Z,2026-05-29T11:21:00.000Z,2026-05-29T12:26:00.000Z,2026-05-29T12:06:00.000Z,,,,33.935,-84.277,,,,,,General,273,
DLV-00033,42.0951,-87.4758,2026-05-29T12:17:00.000Z,Delivery,,,DLV-00033,ORD-50032,PKG-80032,STOP-00033,13,R-015,DRV-033,Driver 33,Central DC,WH-Central,Central,Delayed,,,,Normal,2026-05-29T11:42:00.000Z,2026-05-29T12:52:00.000Z,,2026-05-29T11:22:00.000Z,2026-05-29T12:27:00.000Z,,,Traffic delay,true,42.0951,-87.4818,,,,,,General,281,
DLV-00034,34.3062,-118.0467,2026-05-29T12:18:00.000Z,Service Stop,,,DLV-00034,ORD-50033,PKG-80033,STOP-00034,14,R-016,DRV-034,Driver 34,West DC,WH-West,West,Failed,,,,Normal,2026-05-29T11:43:00.000Z,2026-05-29T12:03:00.000Z,,2026-05-29T11:23:00.000Z,2026-05-29T12:28:00.000Z,,Customer unavailable,Failed stop,,34.3002,-118.0587,,,,,,General,289,
DLV-00035,32.5407,-96.557,2026-05-29T12:19:00.000Z,Delivery,,,DLV-00035,ORD-50034,PKG-80034,STOP-00035,15,R-017,DRV-035,Driver 35,Texas Hub,WH-Texas,Southwest,At Risk,,,,Normal,2026-05-29T11:44:00.000Z,2026-05-29T12:54:00.000Z,,2026-05-29T11:24:00.000Z,2026-05-29T12:29:00.000Z,,,Traffic delay,,32.5287,-96.575,,,,,,General,297,
DLV-00036,40.5067,-73.6942,2026-05-29T12:20:00.000Z,Delivery,,,DLV-00036,ORD-50035,PKG-80035,STOP-00036,16,R-018,DRV-036,Driver 36,North DC,WH-North,Northeast,Pending,,,,Normal,2026-05-29T11:45:00.000Z,2026-05-29T12:05:00.000Z,,2026-05-29T11:25:00.000Z,2026-05-29T12:30:00.000Z,,,,,40.5187,-73.6762,,,,,,Fragile,305,
DLV-00037,33.557,-84.104,2026-05-29T12:21:00.000Z,Service Stop,,,DLV-00037,ORD-50036,PKG-80036,STOP-00037,17,R-001,DRV-037,Driver 37,South DC,WH-South,Southeast,In Transit,,,,Normal,2026-05-29T11:46:00.000Z,2026-05-29T12:06:00.000Z,,2026-05-29T11:26:00.000Z,2026-05-29T12:31:00.000Z,,,,,33.563,-84.092,,,45,,,Cold chain,313,true
DLV-00038,41.7231,-87.3028,2026-05-29T12:22:00.000Z,Delivery,,,DLV-00038,ORD-50037,PKG-80037,STOP-00038,18,R-002,DRV-038,Driver 38,Central DC,WH-Central,Central,Completed,,,,Normal,2026-05-29T11:47:00.000Z,2026-05-29T12:07:00.000Z,2026-05-29T12:05:00.000Z,2026-05-29T11:27:00.000Z,2026-05-29T12:32:00.000Z,2026-05-29T12:12:00.000Z,,,,41.7231,-87.2968,,,,,,General,321,
DLV-00039,33.9342,-118.5767,2026-05-29T12:23:00.000Z,Delivery,,,DLV-00039,ORD-50038,PKG-80038,STOP-00039,19,R-003,DRV-039,Driver 39,West DC,WH-West,West,Completed,,,,Normal,2026-05-29T11:48:00.000Z,2026-05-29T12:08:00.000Z,2026-05-29T12:06:00.000Z,2026-05-29T11:28:00.000Z,2026-05-29T12:33:00.000Z,2026-05-29T12:13:00.000Z,,,,33.9282,-118.5767,,,,,,General,329,
DLV-00040,32.6957,-97.087,2026-05-29T12:24:00.000Z,Service Stop,,,DLV-00040,ORD-50039,PKG-80039,STOP-00040,20,R-004,DRV-040,Driver 40,Texas Hub,WH-Texas,Southwest,Delayed,,,,High,2026-05-29T11:49:00.000Z,2026-05-29T12:59:00.000Z,,2026-05-29T11:29:00.000Z,2026-05-29T12:34:00.000Z,,,Traffic delay,,32.6837,-97.093,,,,,,General,337,
DLV-00041,40.6617,-74.1822,2026-05-29T12:25:00.000Z,Delivery,,,DLV-00041,ORD-50040,PKG-80040,STOP-00041,1,R-005,DRV-041,Driver 41,North DC,WH-North,Northeast,Failed,,,,Normal,2026-05-29T11:50:00.000Z,2026-05-29T12:10:00.000Z,,2026-05-29T11:30:00.000Z,2026-05-29T12:35:00.000Z,,Customer unavailable,Failed stop,,40.6737,-74.1942,,,,,,Fragile,25,
DLV-00042,33.712,-84.592,2026-05-29T12:26:00.000Z,Delivery,,,DLV-00042,ORD-50041,PKG-80041,STOP-00042,2,R-006,DRV-042,Driver 42,South DC,WH-South,Southeast,At Risk,,,,Normal,2026-05-29T11:51:00.000Z,2026-05-29T13:01:00.000Z,,2026-05-29T11:31:00.000Z,2026-05-29T12:36:00.000Z,,,Traffic delay,,33.718,-84.61,,,,,,General,33,
DLV-00043,41.8781,-87.8328,2026-05-29T12:27:00.000Z,Service Stop,,,DLV-00043,ORD-50042,PKG-80042,STOP-00043,3,R-007,DRV-043,Driver 43,Central DC,WH-Central,Central,Pending,,,,Normal,2026-05-29T11:52:00.000Z,2026-05-29T12:12:00.000Z,,2026-05-29T11:32:00.000Z,2026-05-29T12:37:00.000Z,,,,,41.8781,-87.8148,,,,,,General,41,
DLV-00044,34.0892,-118.4037,2026-05-29T12:28:00.000Z,Delivery,,,DLV-00044,ORD-50043,PKG-80043,STOP-00044,4,R-008,DRV-044,Driver 44,West DC,WH-West,West,In Transit,,,,Normal,2026-05-29T11:53:00.000Z,2026-05-29T12:13:00.000Z,,2026-05-29T11:33:00.000Z,2026-05-29T12:38:00.000Z,,,,,34.0832,-118.3917,,,,,,General,49,
DLV-00045,32.8507,-96.914,2026-05-29T12:29:00.000Z,Delivery,,,DLV-00045,ORD-50044,PKG-80044,STOP-00045,5,R-009,DRV-045,Driver 45,Texas Hub,WH-Texas,Southwest,Completed,,,,Normal,2026-05-29T11:54:00.000Z,2026-05-29T12:14:00.000Z,2026-05-29T12:12:00.000Z,2026-05-29T11:34:00.000Z,2026-05-29T12:39:00.000Z,2026-05-29T12:19:00.000Z,,,,32.8387,-96.908,,,,,,General,57,
DLV-00046,40.8167,-74.0092,2026-05-29T12:30:00.000Z,Service Stop,,,DLV-00046,ORD-50045,PKG-80045,STOP-00046,6,R-010,DRV-001,Driver 1,North DC,WH-North,Northeast,Completed,,,,Normal,2026-05-29T11:55:00.000Z,2026-05-29T12:15:00.000Z,2026-05-29T12:13:00.000Z,2026-05-29T11:35:00.000Z,2026-05-29T12:40:00.000Z,2026-05-29T12:20:00.000Z,,,,40.8287,-74.0092,,,43,,,Cold chain,65,true
DLV-00047,33.867,-84.419,2026-05-29T12:31:00.000Z,Delivery,,,DLV-00047,ORD-50046,PKG-80046,STOP-00047,7,R-011,DRV-002,Driver 2,South DC,WH-South,Southeast,Delayed,,,,Normal,2026-05-29T11:56:00.000Z,2026-05-29T13:06:00.000Z,,2026-05-29T11:36:00.000Z,2026-05-29T12:41:00.000Z,,,Traffic delay,,33.873,-84.425,,,,,,General,73,
DLV-00048,42.0331,-87.6178,2026-05-29T12:32:00.000Z,Delivery,,,DLV-00048,ORD-50047,PKG-80047,STOP-00048,8,R-012,DRV-003,Driver 3,Central DC,WH-Central,Central,Failed,,,,Normal,2026-05-29T11:57:00.000Z,2026-05-29T12:17:00.000Z,,2026-05-29T11:37:00.000Z,2026-05-29T12:42:00.000Z,,Customer unavailable,Failed stop,,42.0331,-87.6298,,,,,,General,81,
DLV-00049,34.2442,-118.1887,2026-05-29T12:33:00.000Z,Service Stop,,,DLV-00049,ORD-50048,PKG-80048,STOP-00049,9,R-013,DRV-004,Driver 4,West DC,WH-West,West,At Risk,,,,Normal,2026-05-29T11:58:00.000Z,2026-05-29T13:08:00.000Z,,2026-05-29T11:38:00.000Z,2026-05-29T12:43:00.000Z,,,Traffic delay,true,34.2382,-118.2067,,,,,,General,89,
DLV-00050,33.0057,-96.741,2026-05-29T12:34:00.000Z,Delivery,,,DLV-00050,ORD-50049,PKG-80049,STOP-00050,10,R-014,DRV-005,Driver 5,Texas Hub,WH-Texas,Southwest,Pending,,,,Normal,2026-05-29T11:59:00.000Z,2026-05-29T12:19:00.000Z,,2026-05-29T11:39:00.000Z,2026-05-29T12:44:00.000Z,,,,,32.9937,-96.723,,,,,,General,97,
DLV-00051,40.9717,-73.8362,2026-05-29T12:35:00.000Z,Delivery,,,DLV-00051,ORD-50050,PKG-80050,STOP-00051,11,R-015,DRV-006,Driver 6,North DC,WH-North,Northeast,In Transit,,,,Normal,2026-05-29T12:00:00.000Z,2026-05-29T12:20:00.000Z,,2026-05-29T11:40:00.000Z,2026-05-29T12:45:00.000Z,,,,,40.9837,-73.8242,,,,,,Fragile,105,
DLV-00052,33.495,-84.246,2026-05-29T12:36:00.000Z,Service Stop,,,DLV-00052,ORD-50051,PKG-80051,STOP-00052,12,R-016,DRV-007,Driver 7,South DC,WH-South,Southeast,Completed,,,,Normal,2026-05-29T12:01:00.000Z,2026-05-29T12:21:00.000Z,2026-05-29T12:19:00.000Z,2026-05-29T11:41:00.000Z,2026-05-29T12:46:00.000Z,2026-05-29T12:26:00.000Z,,,,33.501,-84.24,,,,,,General,113,
DLV-00053,41.6611,-87.4448,2026-05-29T12:37:00.000Z,Delivery,,,DLV-00053,ORD-50052,PKG-80052,STOP-00053,13,R-017,DRV-008,Driver 8,Central DC,WH-Central,Central,Completed,,,,High,2026-05-29T12:02:00.000Z,2026-05-29T12:22:00.000Z,2026-05-29T12:20:00.000Z,2026-05-29T11:42:00.000Z,2026-05-29T12:47:00.000Z,2026-05-29T12:27:00.000Z,,,,41.6611,-87.4448,,,,,,General,121,
DLV-00054,33.8722,-118.0157,2026-05-29T12:38:00.000Z,Delivery,,,DLV-00054,ORD-50053,PKG-80053,STOP-00054,14,R-018,DRV-009,Driver 9,West DC,WH-West,West,Delayed,,,,Normal,2026-05-29T12:03:00.000Z,2026-05-29T13:13:00.000Z,,2026-05-29T11:43:00.000Z,2026-05-29T12:48:00.000Z,,,Traffic delay,,33.8662,-118.0217,,,,,,General,129,
DLV-00055,32.6337,-96.526,2026-05-29T12:39:00.000Z,Service Stop,,,DLV-00055,ORD-50054,PKG-80054,STOP-00055,15,R-001,DRV-010,Driver 10,Texas Hub,WH-Texas,Southwest,Failed,,,,Normal,2026-05-29T12:04:00.000Z,2026-05-29T12:24:00.000Z,,2026-05-29T11:44:00.000Z,2026-05-29T12:49:00.000Z,,Customer unavailable,Failed stop,,32.6217,-96.538,,,52,,,Cold chain,137,true
DLV-00056,40.5997,-73.6212,2026-05-29T12:40:00.000Z,Delivery,,,DLV-00056,ORD-50055,PKG-80055,STOP-00056,16,R-002,DRV-011,Driver 11,North DC,WH-North,Northeast,At Risk,,,,Normal,2026-05-29T12:05:00.000Z,2026-05-29T13:15:00.000Z,,2026-05-29T11:45:00.000Z,2026-05-29T12:50:00.000Z,,,Traffic delay,,40.6117,-73.6392,,,,,,Fragile,145,
DLV-00057,33.65,-84.073,2026-05-29T12:41:00.000Z,Delivery,,,DLV-00057,ORD-50056,PKG-80056,STOP-00057,17,R-003,DRV-012,Driver 12,South DC,WH-South,Southeast,Pending,,,,Normal,2026-05-29T12:06:00.000Z,2026-05-29T12:26:00.000Z,,2026-05-29T11:46:00.000Z,2026-05-29T12:51:00.000Z,,,,,33.656,-84.055,,,,,,General,153,
DLV-00058,41.8161,-87.9748,2026-05-29T12:42:00.000Z,Service Stop,,,DLV-00058,ORD-50057,PKG-80057,STOP-00058,18,R-004,DRV-013,Driver 13,Central DC,WH-Central,Central,In Transit,,,,Normal,2026-05-29T12:07:00.000Z,2026-05-29T12:27:00.000Z,,2026-05-29T11:47:00.000Z,2026-05-29T12:52:00.000Z,,,,,41.8161,-87.9628,,,,,,General,161,
DLV-00059,34.0272,-118.5457,2026-05-29T12:43:00.000Z,Delivery,,,DLV-00059,ORD-50058,PKG-80058,STOP-00059,19,R-005,DRV-014,Driver 14,West DC,WH-West,West,Completed,,,,Normal,2026-05-29T12:08:00.000Z,2026-05-29T12:28:00.000Z,2026-05-29T12:26:00.000Z,2026-05-29T11:48:00.000Z,2026-05-29T12:53:00.000Z,2026-05-29T12:33:00.000Z,,,,34.0212,-118.5397,,,,,,General,169,
DLV-00060,32.7887,-97.056,2026-05-29T12:44:00.000Z,Delivery,,,DLV-00060,ORD-50059,PKG-80059,STOP-00060,20,R-006,DRV-015,Driver 15,Texas Hub,WH-Texas,Southwest,Completed,,,,Normal,2026-05-29T12:09:00.000Z,2026-05-29T12:29:00.000Z,2026-05-29T12:27:00.000Z,2026-05-29T11:49:00.000Z,2026-05-29T12:54:00.000Z,2026-05-29T12:34:00.000Z,,,,32.7767,-97.056,,,,,,General,177,
DLV-00061,40.7547,-74.1512,2026-05-29T12:45:00.000Z,Service Stop,,,DLV-00061,ORD-50060,PKG-80060,STOP-00061,1,R-007,DRV-016,Driver 16,North DC,WH-North,Northeast,Delayed,,,,Normal,2026-05-29T12:10:00.000Z,2026-05-29T13:20:00.000Z,,2026-05-29T11:50:00.000Z,2026-05-29T12:55:00.000Z,,,Traffic delay,true,40.7667,-74.1572,,,,,,Fragile,185,
DLV-00062,33.805,-84.561,2026-05-29T12:46:00.000Z,Delivery,,,DLV-00062,ORD-50061,PKG-80061,STOP-00062,2,R-008,DRV-017,Driver 17,South DC,WH-South,Southeast,Failed,,,,Normal,2026-05-29T12:11:00.000Z,2026-05-29T12:31:00.000Z,,2026-05-29T11:51:00.000Z,2026-05-29T12:56:00.000Z,,Customer unavailable,Failed stop,,33.811,-84.573,,,,,,General,193,
DLV-00063,41.9711,-87.7598,2026-05-29T12:47:00.000Z,Delivery,,,DLV-00063,ORD-50062,PKG-80062,STOP-00063,3,R-009,DRV-018,Driver 18,Central DC,WH-Central,Central,At Risk,,,,Normal,2026-05-29T12:12:00.000Z,2026-05-29T13:22:00.000Z,,2026-05-29T11:52:00.000Z,2026-05-29T12:57:00.000Z,,,Traffic delay,,41.9711,-87.7778,,,,,,General,201,
DLV-00064,34.1822,-118.3727,2026-05-29T12:48:00.000Z,Service Stop,,,DLV-00064,ORD-50063,PKG-80063,STOP-00064,4,R-010,DRV-019,Driver 19,West DC,WH-West,West,Pending,,,,Normal,2026-05-29T12:13:00.000Z,2026-05-29T12:33:00.000Z,,2026-05-29T11:53:00.000Z,2026-05-29T12:58:00.000Z,,,,,34.1762,-118.3547,,,50,,,Cold chain,209,true
DLV-00065,32.9437,-96.883,2026-05-29T12:49:00.000Z,Delivery,,,DLV-00065,ORD-50064,PKG-80064,STOP-00065,5,R-011,DRV-020,Driver 20,Texas Hub,WH-Texas,Southwest,In Transit,,,,Normal,2026-05-29T12:14:00.000Z,2026-05-29T12:34:00.000Z,,2026-05-29T11:54:00.000Z,2026-05-29T12:59:00.000Z,,,,,32.9317,-96.871,,,,,,General,217,
DLV-00066,40.9097,-73.9782,2026-05-29T12:50:00.000Z,Delivery,,,DLV-00066,ORD-50065,PKG-80065,STOP-00066,6,R-012,DRV-021,Driver 21,North DC,WH-North,Northeast,Completed,,,,High,2026-05-29T12:15:00.000Z,2026-05-29T12:35:00.000Z,2026-05-29T12:33:00.000Z,2026-05-29T11:55:00.000Z,2026-05-29T13:00:00.000Z,2026-05-29T12:40:00.000Z,,,,40.9217,-73.9722,,,,,,Fragile,225,
DLV-00067,33.96,-84.388,2026-05-29T12:51:00.000Z,Service Stop,,,DLV-00067,ORD-50066,PKG-80066,STOP-00067,7,R-013,DRV-022,Driver 22,South DC,WH-South,Southeast,Completed,,,,Normal,2026-05-29T12:16:00.000Z,2026-05-29T12:36:00.000Z,2026-05-29T12:34:00.000Z,2026-05-29T11:56:00.000Z,2026-05-29T13:01:00.000Z,2026-05-29T12:41:00.000Z,,,,33.966,-84.388,,,,,,General,233,
DLV-00068,42.1261,-87.5868,2026-05-29T12:52:00.000Z,Delivery,,,DLV-00068,ORD-50067,PKG-80067,STOP-00068,8,R-014,DRV-023,Driver 23,Central DC,WH-Central,Central,Delayed,,,,Normal,2026-05-29T12:17:00.000Z,2026-05-29T13:27:00.000Z,,2026-05-29T11:57:00.000Z,2026-05-29T13:02:00.000Z,,,Traffic delay,,42.1261,-87.5928,,,,,,General,241,
DLV-00069,33.8102,-118.1577,2026-05-29T12:53:00.000Z,Delivery,,,DLV-00069,ORD-50068,PKG-80068,STOP-00069,9,R-015,DRV-024,Driver 24,West DC,WH-West,West,Failed,,,,Normal,2026-05-29T12:18:00.000Z,2026-05-29T12:38:00.000Z,,2026-05-29T11:58:00.000Z,2026-05-29T13:03:00.000Z,,Customer unavailable,Failed stop,,33.8042,-118.1697,,,,,,General,249,
DLV-00070,32.5717,-96.668,2026-05-29T12:54:00.000Z,Service Stop,,,DLV-00070,ORD-50069,PKG-80069,STOP-00070,10,R-016,DRV-025,Driver 25,Texas Hub,WH-Texas,Southwest,At Risk,,,,Normal,2026-05-29T12:19:00.000Z,2026-05-29T13:29:00.000Z,,2026-05-29T11:59:00.000Z,2026-05-29T13:04:00.000Z,,,Traffic delay,,32.5597,-96.686,,,,,,General,257,
DLV-00071,40.5377,-73.8052,2026-05-29T12:55:00.000Z,Delivery,,,DLV-00071,ORD-50070,PKG-80070,STOP-00071,11,R-017,DRV-026,Driver 26,North DC,WH-North,Northeast,Pending,,,,Normal,2026-05-29T12:20:00.000Z,2026-05-29T12:40:00.000Z,,2026-05-29T12:00:00.000Z,2026-05-29T13:05:00.000Z,,,,,40.5497,-73.7872,,,,,,Fragile,265,
DLV-00072,33.588,-84.215,2026-05-29T12:56:00.000Z,Delivery,,,DLV-00072,ORD-50071,PKG-80071,STOP-00072,12,R-018,DRV-027,Driver 27,South DC,WH-South,Southeast,In Transit,,,,Normal,2026-05-29T12:21:00.000Z,2026-05-29T12:41:00.000Z,,2026-05-29T12:01:00.000Z,2026-05-29T13:06:00.000Z,,,,,33.594,-84.203,,,,,,General,273,
DLV-00073,41.7541,-87.4138,2026-05-29T12:57:00.000Z,Service Stop,,,DLV-00073,ORD-50072,PKG-80072,STOP-00073,13,R-001,DRV-028,Driver 28,Central DC,WH-Central,Central,Completed,,,,Normal,2026-05-29T12:22:00.000Z,2026-05-29T12:42:00.000Z,2026-05-29T12:40:00.000Z,2026-05-29T12:02:00.000Z,2026-05-29T13:07:00.000Z,2026-05-29T12:47:00.000Z,,,,41.7541,-87.4078,,,48,,,Cold chain,281,true
DLV-00074,33.9652,-117.9847,2026-05-29T12:58:00.000Z,Delivery,,,DLV-00074,ORD-50073,PKG-80073,STOP-00074,14,R-002,DRV-029,Driver 29,West DC,WH-West,West,Completed,,,,Normal,2026-05-29T12:23:00.000Z,2026-05-29T12:43:00.000Z,2026-05-29T12:41:00.000Z,2026-05-29T12:03:00.000Z,2026-05-29T13:08:00.000Z,2026-05-29T12:48:00.000Z,,,,33.9592,-117.9847,,,,,,General,289,
DLV-00075,32.7267,-96.495,2026-05-29T12:59:00.000Z,Delivery,,,DLV-00075,ORD-50074,PKG-80074,STOP-00075,15,R-003,DRV-030,Driver 30,Texas Hub,WH-Texas,Southwest,Delayed,,,,Normal,2026-05-29T12:24:00.000Z,2026-05-29T13:34:00.000Z,,2026-05-29T12:04:00.000Z,2026-05-29T13:09:00.000Z,,,Traffic delay,,32.7147,-96.501,,,,,,General,297,
DLV-00076,40.6927,-73.5902,2026-05-29T13:00:00.000Z,Service Stop,,,DLV-00076,ORD-50075,PKG-80075,STOP-00076,16,R-004,DRV-031,Driver 31,North DC,WH-North,Northeast,Failed,,,,Normal,2026-05-29T12:25:00.000Z,2026-05-29T12:45:00.000Z,,2026-05-29T12:05:00.000Z,2026-05-29T13:10:00.000Z,,Customer unavailable,Failed stop,,40.7047,-73.6022,,,,,,Fragile,305,
DLV-00077,33.743,-84.703,2026-05-29T13:01:00.000Z,Delivery,,,DLV-00077,ORD-50076,PKG-80076,STOP-00077,17,R-005,DRV-032,Driver 32,South DC,WH-South,Southeast,At Risk,,,,Normal,2026-05-29T12:26:00.000Z,2026-05-29T13:36:00.000Z,,2026-05-29T12:06:00.000Z,2026-05-29T13:11:00.000Z,,,Traffic delay,true,33.749,-84.721,,,,,,General,313,
DLV-00078,41.9091,-87.9438,2026-05-29T13:02:00.000Z,Delivery,,,DLV-00078,ORD-50077,PKG-80077,STOP-00078,18,R-006,DRV-033,Driver 33,Central DC,WH-Central,Central,Pending,,,,Normal,2026-05-29T12:27:00.000Z,2026-05-29T12:47:00.000Z,,2026-05-29T12:07:00.000Z,2026-05-29T13:12:00.000Z,,,,,41.9091,-87.9258,,,,,,General,321,
DLV-00079,34.1202,-118.5147,2026-05-29T13:03:00.000Z,Service Stop,,,DLV-00079,ORD-50078,PKG-80078,STOP-00079,19,R-007,DRV-034,Driver 34,West DC,WH-West,West,In Transit,,,,High,2026-05-29T12:28:00.000Z,2026-05-29T12:48:00.000Z,,2026-05-29T12:08:00.000Z,2026-05-29T13:13:00.000Z,,,,,34.1142,-118.5027,,,,,,General,329,
DLV-00080,32.8817,-97.025,2026-05-29T13:04:00.000Z,Delivery,,,DLV-00080,ORD-50079,PKG-80079,STOP-00080,20,R-008,DRV-035,Driver 35,Texas Hub,WH-Texas,Southwest,Completed,,,,Normal,2026-05-29T12:29:00.000Z,2026-05-29T12:49:00.000Z,2026-05-29T12:47:00.000Z,2026-05-29T12:09:00.000Z,2026-05-29T13:14:00.000Z,2026-05-29T12:54:00.000Z,,,,32.8697,-97.019,,,,,,General,337,
DLV-00081,40.8477,-74.1202,2026-05-29T11:45:00.000Z,Delivery,,,DLV-00081,ORD-50080,PKG-80080,STOP-00081,1,R-009,DRV-036,Driver 36,North DC,WH-North,Northeast,Completed,,,,Normal,2026-05-29T12:30:00.000Z,2026-05-29T12:50:00.000Z,2026-05-29T12:48:00.000Z,2026-05-29T12:10:00.000Z,2026-05-29T13:15:00.000Z,2026-05-29T12:55:00.000Z,,,,40.8597,-74.1202,,,,,,Fragile,25,
DLV-00082,33.898,-84.53,2026-05-29T11:46:00.000Z,Service Stop,,,DLV-00082,ORD-50081,PKG-80081,STOP-00082,2,R-010,DRV-037,Driver 37,South DC,WH-South,Southeast,Delayed,,,,Normal,2026-05-29T12:31:00.000Z,2026-05-29T13:41:00.000Z,,2026-05-29T12:11:00.000Z,2026-05-29T13:16:00.000Z,,,Traffic delay,,33.904,-84.536,,,46,,,Cold chain,33,true
DLV-00083,42.0641,-87.7288,2026-05-29T11:47:00.000Z,Delivery,,,DLV-00083,ORD-50082,PKG-80082,STOP-00083,3,R-011,DRV-038,Driver 38,Central DC,WH-Central,Central,Failed,,,,Normal,2026-05-29T12:32:00.000Z,2026-05-29T12:52:00.000Z,,2026-05-29T12:12:00.000Z,2026-05-29T13:17:00.000Z,,Customer unavailable,Failed stop,,42.0641,-87.7408,,,,,,General,41,
DLV-00084,34.2752,-118.2997,2026-05-29T11:48:00.000Z,Delivery,,,DLV-00084,ORD-50083,PKG-80083,STOP-00084,4,R-012,DRV-039,Driver 39,West DC,WH-West,West,At Risk,,,,Normal,2026-05-29T12:33:00.000Z,2026-05-29T13:43:00.000Z,,2026-05-29T12:13:00.000Z,2026-05-29T13:18:00.000Z,,,Traffic delay,,34.2692,-118.3177,,,,,,General,49,
DLV-00085,33.0367,-96.852,2026-05-29T11:49:00.000Z,Service Stop,,,DLV-00085,ORD-50084,PKG-80084,STOP-00085,5,R-013,DRV-040,Driver 40,Texas Hub,WH-Texas,Southwest,Pending,,,,Normal,2026-05-29T12:34:00.000Z,2026-05-29T12:54:00.000Z,,2026-05-29T12:14:00.000Z,2026-05-29T13:19:00.000Z,,,,,33.0247,-96.834,,,,,,General,57,
DLV-00086,40.4757,-73.9472,2026-05-29T11:50:00.000Z,Delivery,,,DLV-00086,ORD-50085,PKG-80085,STOP-00086,6,R-014,DRV-041,Driver 41,North DC,WH-North,Northeast,In Transit,,,,Normal,2026-05-29T12:35:00.000Z,2026-05-29T12:55:00.000Z,,2026-05-29T12:15:00.000Z,2026-05-29T13:20:00.000Z,,,,,40.4877,-73.9352,,,,,,Fragile,65,
DLV-00087,33.526,-84.357,2026-05-29T11:51:00.000Z,Delivery,,,DLV-00087,ORD-50086,PKG-80086,STOP-00087,7,R-015,DRV-042,Driver 42,South DC,WH-South,Southeast,Completed,,,,Normal,2026-05-29T12:36:00.000Z,2026-05-29T12:56:00.000Z,2026-05-29T12:54:00.000Z,2026-05-29T12:16:00.000Z,2026-05-29T13:21:00.000Z,2026-05-29T13:01:00.000Z,,,,33.532,-84.351,,,,,,General,73,
DLV-00088,41.6921,-87.5558,2026-05-29T11:52:00.000Z,Service Stop,,,DLV-00088,ORD-50087,PKG-80087,STOP-00088,8,R-016,DRV-043,Driver 43,Central DC,WH-Central,Central,Completed,,,,Normal,2026-05-29T12:37:00.000Z,2026-05-29T12:57:00.000Z,2026-05-29T12:55:00.000Z,2026-05-29T12:17:00.000Z,2026-05-29T13:22:00.000Z,2026-05-29T13:02:00.000Z,,,,41.6921,-87.5558,,,,,,General,81,
DLV-00089,33.9032,-118.1267,2026-05-29T11:53:00.000Z,Delivery,,,DLV-00089,ORD-50088,PKG-80088,STOP-00089,9,R-017,DRV-044,Driver 44,West DC,WH-West,West,Delayed,,,,Normal,2026-05-29T12:38:00.000Z,2026-05-29T13:48:00.000Z,,2026-05-29T12:18:00.000Z,2026-05-29T13:23:00.000Z,,,Traffic delay,true,33.8972,-118.1327,,,,,,General,89,
DLV-00090,32.6647,-96.637,2026-05-29T11:54:00.000Z,Delivery,,,DLV-00090,ORD-50089,PKG-80089,STOP-00090,10,R-018,DRV-045,Driver 45,Texas Hub,WH-Texas,Southwest,Failed,,,,Normal,2026-05-29T12:39:00.000Z,2026-05-29T12:59:00.000Z,,2026-05-29T12:19:00.000Z,2026-05-29T13:24:00.000Z,,Customer unavailable,Failed stop,,32.6527,-96.649,,,,,,General,97,
DLV-00091,40.6307,-73.7322,2026-05-29T11:55:00.000Z,Service Stop,,,DLV-00091,ORD-50090,PKG-80090,STOP-00091,11,R-001,DRV-001,Driver 1,North DC,WH-North,Northeast,At Risk,,,,Normal,2026-05-29T12:40:00.000Z,2026-05-29T13:50:00.000Z,,2026-05-29T12:20:00.000Z,2026-05-29T13:25:00.000Z,,,Traffic delay,,40.6427,-73.7502,,,44,,,Cold chain,105,true
DLV-00092,33.681,-84.184,2026-05-29T11:56:00.000Z,Delivery,,,DLV-00092,ORD-50091,PKG-80091,STOP-00092,12,R-002,DRV-002,Driver 2,South DC,WH-South,Southeast,Pending,,,,High,2026-05-29T12:41:00.000Z,2026-05-29T13:01:00.000Z,,2026-05-29T12:21:00.000Z,2026-05-29T13:26:00.000Z,,,,,33.687,-84.166,,,,,,General,113,
DLV-00093,41.8471,-87.3828,2026-05-29T11:57:00.000Z,Delivery,,,DLV-00093,ORD-50092,PKG-80092,STOP-00093,13,R-003,DRV-003,Driver 3,Central DC,WH-Central,Central,In Transit,,,,Normal,2026-05-29T12:42:00.000Z,2026-05-29T13:02:00.000Z,,2026-05-29T12:22:00.000Z,2026-05-29T13:27:00.000Z,,,,,41.8471,-87.3708,,,,,,General,121,
DLV-00094,34.0582,-117.9537,2026-05-29T11:58:00.000Z,Service Stop,,,DLV-00094,ORD-50093,PKG-80093,STOP-00094,14,R-004,DRV-004,Driver 4,West DC,WH-West,West,Completed,,,,Normal,2026-05-29T12:43:00.000Z,2026-05-29T13:03:00.000Z,2026-05-29T13:01:00.000Z,2026-05-29T12:23:00.000Z,2026-05-29T13:28:00.000Z,2026-05-29T13:08:00.000Z,,,,34.0522,-117.9477,,,,,,General,129,
DLV-00095,32.8197,-96.464,2026-05-29T11:59:00.000Z,Delivery,,,DLV-00095,ORD-50094,PKG-80094,STOP-00095,15,R-005,DRV-005,Driver 5,Texas Hub,WH-Texas,Southwest,Completed,,,,Normal,2026-05-29T12:44:00.000Z,2026-05-29T13:04:00.000Z,2026-05-29T13:02:00.000Z,2026-05-29T12:24:00.000Z,2026-05-29T13:29:00.000Z,2026-05-29T13:09:00.000Z,,,,32.8077,-96.464,,,,,,General,137,
DLV-00096,40.7857,-74.2622,2026-05-29T12:00:00.000Z,Delivery,,,DLV-00096,ORD-50095,PKG-80095,STOP-00096,16,R-006,DRV-006,Driver 6,North DC,WH-North,Northeast,Delayed,,,,Normal,2026-05-29T12:45:00.000Z,2026-05-29T13:55:00.000Z,,2026-05-29T12:25:00.000Z,2026-05-29T13:30:00.000Z,,,Traffic delay,,40.7977,-74.2682,,,,,,Fragile,145,
DLV-00097,33.836,-84.672,2026-05-29T12:01:00.000Z,Service Stop,,,DLV-00097,ORD-50096,PKG-80096,STOP-00097,17,R-007,DRV-007,Driver 7,South DC,WH-South,Southeast,Failed,,,,Normal,2026-05-29T12:46:00.000Z,2026-05-29T13:06:00.000Z,,2026-05-29T12:26:00.000Z,2026-05-29T13:31:00.000Z,,Customer unavailable,Failed stop,,33.842,-84.684,,,,,,General,153,
DLV-00098,42.0021,-87.8708,2026-05-29T12:02:00.000Z,Delivery,,,DLV-00098,ORD-50097,PKG-80097,STOP-00098,18,R-008,DRV-008,Driver 8,Central DC,WH-Central,Central,At Risk,,,,Normal,2026-05-29T12:47:00.000Z,2026-05-29T13:57:00.000Z,,2026-05-29T12:27:00.000Z,2026-05-29T13:32:00.000Z,,,Traffic delay,,42.0021,-87.8888,,,,,,General,161,
DLV-00099,34.2132,-118.4837,2026-05-29T12:03:00.000Z,Delivery,,,DLV-00099,ORD-50098,PKG-80098,STOP-00099,19,R-009,DRV-009,Driver 9,West DC,WH-West,West,Pending,,,,Normal,2026-05-29T12:48:00.000Z,2026-05-29T13:08:00.000Z,,2026-05-29T12:28:00.000Z,2026-05-29T13:33:00.000Z,,,,,34.2072,-118.4657,,,,,,General,169,
DLV-00100,32.9747,-96.994,2026-05-29T12:04:00.000Z,Service Stop,,,DLV-00100,ORD-50099,PKG-80099,STOP-00100,20,R-010,DRV-010,Driver 10,Texas Hub,WH-Texas,Southwest,In Transit,,,,Normal,2026-05-29T12:49:00.000Z,2026-05-29T13:09:00.000Z,,2026-05-29T12:29:00.000Z,2026-05-29T13:34:00.000Z,,,,,32.9627,-96.982,,,42,,,Cold chain,177,true
DLV-00101,40.9407,-74.0892,2026-05-29T12:05:00.000Z,Delivery,,,DLV-00101,ORD-50100,PKG-80100,STOP-00101,1,R-011,DRV-011,Driver 11,North DC,WH-North,Northeast,Completed,,,,Normal,2026-05-29T12:50:00.000Z,2026-05-29T13:10:00.000Z,2026-05-29T13:08:00.000Z,2026-05-29T12:30:00.000Z,2026-05-29T13:35:00.000Z,2026-05-29T13:15:00.000Z,,,,40.9527,-74.0832,,,,,,Fragile,185,
DLV-00102,33.991,-84.499,2026-05-29T12:06:00.000Z,Delivery,,,DLV-00102,ORD-50101,PKG-80101,STOP-00102,2,R-012,DRV-012,Driver 12,South DC,WH-South,Southeast,Completed,,,,Normal,2026-05-29T12:51:00.000Z,2026-05-29T13:11:00.000Z,2026-05-29T13:09:00.000Z,2026-05-29T12:31:00.000Z,2026-05-29T13:36:00.000Z,2026-05-29T13:16:00.000Z,,,,33.997,-84.499,,,,,,General,193,
DLV-00103,41.6301,-87.6978,2026-05-29T12:07:00.000Z,Service Stop,,,DLV-00103,ORD-50102,PKG-80102,STOP-00103,3,R-013,DRV-013,Driver 13,Central DC,WH-Central,Central,Delayed,,,,Normal,2026-05-29T12:52:00.000Z,2026-05-29T14:02:00.000Z,,2026-05-29T12:32:00.000Z,2026-05-29T13:37:00.000Z,,,Traffic delay,,41.6301,-87.7038,,,,,,General,201,
DLV-00104,33.8412,-118.2687,2026-05-29T12:08:00.000Z,Delivery,,,DLV-00104,ORD-50103,PKG-80103,STOP-00104,4,R-014,DRV-014,Driver 14,West DC,WH-West,West,Failed,,,,Normal,2026-05-29T12:53:00.000Z,2026-05-29T13:13:00.000Z,,2026-05-29T12:33:00.000Z,2026-05-29T13:38:00.000Z,,Customer unavailable,Failed stop,,33.8352,-118.2807,,,,,,General,209,
DLV-00105,32.6027,-96.779,2026-05-29T12:09:00.000Z,Delivery,,,DLV-00105,ORD-50104,PKG-80104,STOP-00105,5,R-015,DRV-015,Driver 15,Texas Hub,WH-Texas,Southwest,At Risk,,,,High,2026-05-29T12:54:00.000Z,2026-05-29T14:04:00.000Z,,2026-05-29T12:34:00.000Z,2026-05-29T13:39:00.000Z,,,Traffic delay,true,32.5907,-96.797,,,,,,General,217,
DLV-00106,40.5687,-73.9162,2026-05-29T12:10:00.000Z,Service Stop,,,DLV-00106,ORD-50105,PKG-80105,STOP-00106,6,R-016,DRV-016,Driver 16,North DC,WH-North,Northeast,Pending,,,,Normal,2026-05-29T12:55:00.000Z,2026-05-29T13:15:00.000Z,,2026-05-29T12:35:00.000Z,2026-05-29T13:40:00.000Z,,,,,40.5807,-73.8982,,,,,,Fragile,225,
DLV-00107,33.619,-84.326,2026-05-29T12:11:00.000Z,Delivery,,,DLV-00107,ORD-50106,PKG-80106,STOP-00107,7,R-017,DRV-017,Driver 17,South DC,WH-South,Southeast,In Transit,,,,Normal,2026-05-29T12:56:00.000Z,2026-05-29T13:16:00.000Z,,2026-05-29T12:36:00.000Z,2026-05-29T13:41:00.000Z,,,,,33.625,-84.314,,,,,,General,233,
DLV-00108,41.7851,-87.5248,2026-05-29T12:12:00.000Z,Delivery,,,DLV-00108,ORD-50107,PKG-80107,STOP-00108,8,R-018,DRV-018,Driver 18,Central DC,WH-Central,Central,Completed,,,,Normal,2026-05-29T12:57:00.000Z,2026-05-29T13:17:00.000Z,2026-05-29T13:15:00.000Z,2026-05-29T12:37:00.000Z,2026-05-29T13:42:00.000Z,2026-05-29T13:22:00.000Z,,,,41.7851,-87.5188,,,,,,General,241,
DLV-00109,33.9962,-118.0957,2026-05-29T12:13:00.000Z,Service Stop,,,DLV-00109,ORD-50108,PKG-80108,STOP-00109,9,R-001,DRV-019,Driver 19,West DC,WH-West,West,Completed,,,,Normal,2026-05-29T12:58:00.000Z,2026-05-29T13:18:00.000Z,2026-05-29T13:16:00.000Z,2026-05-29T12:38:00.000Z,2026-05-29T13:43:00.000Z,2026-05-29T13:23:00.000Z,,,,33.9902,-118.0957,,,51,,,Cold chain,249,true
DLV-00110,32.7577,-96.606,2026-05-29T12:14:00.000Z,Delivery,,,DLV-00110,ORD-50109,PKG-80109,STOP-00110,10,R-002,DRV-020,Driver 20,Texas Hub,WH-Texas,Southwest,Delayed,,,,Normal,2026-05-29T12:59:00.000Z,2026-05-29T14:09:00.000Z,,2026-05-29T12:39:00.000Z,2026-05-29T13:44:00.000Z,,,Traffic delay,,32.7457,-96.612,,,,,,General,257,
DLV-00111,40.7237,-73.7012,2026-05-29T12:15:00.000Z,Delivery,,,DLV-00111,ORD-50110,PKG-80110,STOP-00111,11,R-003,DRV-021,Driver 21,North DC,WH-North,Northeast,Failed,,,,Normal,2026-05-29T13:00:00.000Z,2026-05-29T13:20:00.000Z,,2026-05-29T12:40:00.000Z,2026-05-29T13:45:00.000Z,,Customer unavailable,Failed stop,,40.7357,-73.7132,,,,,,Fragile,265,
DLV-00112,33.774,-84.111,2026-05-29T12:16:00.000Z,Service Stop,,,DLV-00112,ORD-50111,PKG-80111,STOP-00112,12,R-004,DRV-022,Driver 22,South DC,WH-South,Southeast,At Risk,,,,Normal,2026-05-29T13:01:00.000Z,2026-05-29T14:11:00.000Z,,2026-05-29T12:41:00.000Z,2026-05-29T13:46:00.000Z,,,Traffic delay,,33.78,-84.129,,,,,,General,273,
DLV-00113,41.9401,-87.3518,2026-05-29T12:17:00.000Z,Delivery,,,DLV-00113,ORD-50112,PKG-80112,STOP-00113,13,R-005,DRV-023,Driver 23,Central DC,WH-Central,Central,Pending,,,,Normal,2026-05-29T13:02:00.000Z,2026-05-29T13:22:00.000Z,,2026-05-29T12:42:00.000Z,2026-05-29T13:47:00.000Z,,,,,41.9401,-87.3338,,,,,,General,281,
DLV-00114,34.1512,-117.9227,2026-05-29T12:18:00.000Z,Delivery,,,DLV-00114,ORD-50113,PKG-80113,STOP-00114,14,R-006,DRV-024,Driver 24,West DC,WH-West,West,In Transit,,,,Normal,2026-05-29T13:03:00.000Z,2026-05-29T13:23:00.000Z,,2026-05-29T12:43:00.000Z,2026-05-29T13:48:00.000Z,,,,,34.1452,-117.9107,,,,,,General,289,
DLV-00115,32.9127,-97.136,2026-05-29T12:19:00.000Z,Service Stop,,,DLV-00115,ORD-50114,PKG-80114,STOP-00115,15,R-007,DRV-025,Driver 25,Texas Hub,WH-Texas,Southwest,Completed,,,,Normal,2026-05-29T13:04:00.000Z,2026-05-29T13:24:00.000Z,2026-05-29T13:22:00.000Z,2026-05-29T12:44:00.000Z,2026-05-29T13:49:00.000Z,2026-05-29T13:29:00.000Z,,,,32.9007,-97.13,,,,,,General,297,
DLV-00116,40.8787,-74.2312,2026-05-29T12:20:00.000Z,Delivery,,,DLV-00116,ORD-50115,PKG-80115,STOP-00116,16,R-008,DRV-026,Driver 26,North DC,WH-North,Northeast,Completed,,,,Normal,2026-05-29T13:05:00.000Z,2026-05-29T13:25:00.000Z,2026-05-29T13:23:00.000Z,2026-05-29T12:45:00.000Z,2026-05-29T13:50:00.000Z,2026-05-29T13:30:00.000Z,,,,40.8907,-74.2312,,,,,,Fragile,305,
DLV-00117,33.929,-84.641,2026-05-29T12:21:00.000Z,Delivery,,,DLV-00117,ORD-50116,PKG-80116,STOP-00117,17,R-009,DRV-027,Driver 27,South DC,WH-South,Southeast,Delayed,,,,Normal,2026-05-29T13:06:00.000Z,2026-05-29T14:16:00.000Z,,2026-05-29T12:46:00.000Z,2026-05-29T13:51:00.000Z,,,Traffic delay,true,33.935,-84.647,,,,,,General,313,
DLV-00118,42.0951,-87.8398,2026-05-29T12:22:00.000Z,Service Stop,,,DLV-00118,ORD-50117,PKG-80117,STOP-00118,18,R-010,DRV-028,Driver 28,Central DC,WH-Central,Central,Failed,,,,High,2026-05-29T13:07:00.000Z,2026-05-29T13:27:00.000Z,,2026-05-29T12:47:00.000Z,2026-05-29T13:52:00.000Z,,Customer unavailable,Failed stop,,42.0951,-87.8518,,,49,,,Cold chain,321,true
DLV-00119,34.3062,-118.4107,2026-05-29T12:23:00.000Z,Delivery,,,DLV-00119,ORD-50118,PKG-80118,STOP-00119,19,R-011,DRV-029,Driver 29,West DC,WH-West,West,At Risk,,,,Normal,2026-05-29T13:08:00.000Z,2026-05-29T14:18:00.000Z,,2026-05-29T12:48:00.000Z,2026-05-29T13:53:00.000Z,,,Traffic delay,,34.3002,-118.4287,,,,,,General,329,
DLV-00120,32.5407,-96.963,2026-05-29T12:24:00.000Z,Delivery,,,DLV-00120,ORD-50119,PKG-80119,STOP-00120,20,R-012,DRV-030,Driver 30,Texas Hub,WH-Texas,Southwest,Pending,,,,Normal,2026-05-29T13:09:00.000Z,2026-05-29T13:29:00.000Z,,2026-05-29T12:49:00.000Z,2026-05-29T13:54:00.000Z,,,,,32.5287,-96.945,,,,,,General,337,
DLV-00121,40.5067,-74.0582,2026-05-29T12:25:00.000Z,Service Stop,,,DLV-00121,ORD-50120,PKG-80120,STOP-00121,1,R-013,DRV-031,Driver 31,North DC,WH-North,Northeast,In Transit,,,,Normal,2026-05-29T13:10:00.000Z,2026-05-29T13:30:00.000Z,,2026-05-29T12:50:00.000Z,2026-05-29T13:55:00.000Z,,,,,40.5187,-74.0462,,,,,,Fragile,25,
DLV-00122,33.557,-84.468,2026-05-29T12:26:00.000Z,Delivery,,,DLV-00122,ORD-50121,PKG-80121,STOP-00122,2,R-014,DRV-032,Driver 32,South DC,WH-South,Southeast,Completed,,,,Normal,2026-05-29T13:11:00.000Z,2026-05-29T13:31:00.000Z,2026-05-29T13:29:00.000Z,2026-05-29T12:51:00.000Z,2026-05-29T13:56:00.000Z,2026-05-29T13:36:00.000Z,,,,33.563,-84.462,,,,,,General,33,
DLV-00123,41.7231,-87.6668,2026-05-29T12:27:00.000Z,Delivery,,,DLV-00123,ORD-50122,PKG-80122,STOP-00123,3,R-015,DRV-033,Driver 33,Central DC,WH-Central,Central,Completed,,,,Normal,2026-05-29T13:12:00.000Z,2026-05-29T13:32:00.000Z,2026-05-29T13:30:00.000Z,2026-05-29T12:52:00.000Z,2026-05-29T13:57:00.000Z,2026-05-29T13:37:00.000Z,,,,41.7231,-87.6668,,,,,,General,41,
DLV-00124,33.9342,-118.2377,2026-05-29T12:28:00.000Z,Service Stop,,,DLV-00124,ORD-50123,PKG-80123,STOP-00124,4,R-016,DRV-034,Driver 34,West DC,WH-West,West,Delayed,,,,Normal,2026-05-29T13:13:00.000Z,2026-05-29T14:23:00.000Z,,2026-05-29T12:53:00.000Z,2026-05-29T13:58:00.000Z,,,Traffic delay,,33.9282,-118.2437,,,,,,General,49,
DLV-00125,32.6957,-96.748,2026-05-29T12:29:00.000Z,Delivery,,,DLV-00125,ORD-50124,PKG-80124,STOP-00125,5,R-017,DRV-035,Driver 35,Texas Hub,WH-Texas,Southwest,Failed,,,,Normal,2026-05-29T13:14:00.000Z,2026-05-29T13:34:00.000Z,,2026-05-29T12:54:00.000Z,2026-05-29T13:59:00.000Z,,Customer unavailable,Failed stop,,32.6837,-96.76,,,,,,General,57,
DLV-00126,40.6617,-73.8432,2026-05-29T12:30:00.000Z,Delivery,,,DLV-00126,ORD-50125,PKG-80125,STOP-00126,6,R-018,DRV-036,Driver 36,North DC,WH-North,Northeast,At Risk,,,,Normal,2026-05-29T13:15:00.000Z,2026-05-29T14:25:00.000Z,,2026-05-29T12:55:00.000Z,2026-05-29T14:00:00.000Z,,,Traffic delay,,40.6737,-73.8612,,,,,,Fragile,65,
DLV-00127,33.712,-84.295,2026-05-29T12:31:00.000Z,Service Stop,,,DLV-00127,ORD-50126,PKG-80126,STOP-00127,7,R-001,DRV-037,Driver 37,South DC,WH-South,Southeast,Pending,,,,Normal,2026-05-29T13:16:00.000Z,2026-05-29T13:36:00.000Z,,2026-05-29T12:56:00.000Z,2026-05-29T14:01:00.000Z,,,,,33.718,-84.277,,,47,,,Cold chain,73,true
DLV-00128,41.8781,-87.4938,2026-05-29T12:32:00.000Z,Delivery,,,DLV-00128,ORD-50127,PKG-80127,STOP-00128,8,R-002,DRV-038,Driver 38,Central DC,WH-Central,Central,In Transit,,,,Normal,2026-05-29T13:17:00.000Z,2026-05-29T13:37:00.000Z,,2026-05-29T12:57:00.000Z,2026-05-29T14:02:00.000Z,,,,,41.8781,-87.4818,,,,,,General,81,
DLV-00129,34.0892,-118.0647,2026-05-29T12:33:00.000Z,Delivery,,,DLV-00129,ORD-50128,PKG-80128,STOP-00129,9,R-003,DRV-039,Driver 39,West DC,WH-West,West,Completed,,,,Normal,2026-05-29T13:18:00.000Z,2026-05-29T13:38:00.000Z,2026-05-29T13:36:00.000Z,2026-05-29T12:58:00.000Z,2026-05-29T14:03:00.000Z,2026-05-29T13:43:00.000Z,,,,34.0832,-118.0587,,,,,,General,89,
DLV-00130,32.8507,-96.575,2026-05-29T12:34:00.000Z,Service Stop,,,DLV-00130,ORD-50129,PKG-80129,STOP-00130,10,R-004,DRV-040,Driver 40,Texas Hub,WH-Texas,Southwest,Completed,,,,Normal,2026-05-29T13:19:00.000Z,2026-05-29T13:39:00.000Z,2026-05-29T13:37:00.000Z,2026-05-29T12:59:00.000Z,2026-05-29T14:04:00.000Z,2026-05-29T13:44:00.000Z,,,,32.8387,-96.575,,,,,,General,97,
DLV-00131,40.8167,-73.6702,2026-05-29T12:35:00.000Z,Delivery,,,DLV-00131,ORD-50130,PKG-80130,STOP-00131,11,R-005,DRV-041,Driver 41,North DC,WH-North,Northeast,Delayed,,,,High,2026-05-29T13:20:00.000Z,2026-05-29T14:30:00.000Z,,2026-05-29T13:00:00.000Z,2026-05-29T14:05:00.000Z,,,Traffic delay,,40.8287,-73.6762,,,,,,Fragile,105,
DLV-00132,33.867,-84.08,2026-05-29T12:36:00.000Z,Delivery,,,DLV-00132,ORD-50131,PKG-80131,STOP-00132,12,R-006,DRV-042,Driver 42,South DC,WH-South,Southeast,Failed,,,,Normal,2026-05-29T13:21:00.000Z,2026-05-29T13:41:00.000Z,,2026-05-29T13:01:00.000Z,2026-05-29T14:06:00.000Z,,Customer unavailable,Failed stop,,33.873,-84.092,,,,,,General,113,
DLV-00133,42.0331,-87.2788,2026-05-29T12:37:00.000Z,Service Stop,,,DLV-00133,ORD-50132,PKG-80132,STOP-00133,13,R-007,DRV-043,Driver 43,Central DC,WH-Central,Central,At Risk,,,,Normal,2026-05-29T13:22:00.000Z,2026-05-29T14:32:00.000Z,,2026-05-29T13:02:00.000Z,2026-05-29T14:07:00.000Z,,,Traffic delay,true,42.0331,-87.2968,,,,,,General,121,
DLV-00134,34.2442,-118.5947,2026-05-29T12:38:00.000Z,Delivery,,,DLV-00134,ORD-50133,PKG-80133,STOP-00134,14,R-008,DRV-044,Driver 44,West DC,WH-West,West,Pending,,,,Normal,2026-05-29T13:23:00.000Z,2026-05-29T13:43:00.000Z,,2026-05-29T13:03:00.000Z,2026-05-29T14:08:00.000Z,,,,,34.2382,-118.5767,,,,,,General,129,
DLV-00135,33.0057,-97.105,2026-05-29T12:39:00.000Z,Delivery,,,DLV-00135,ORD-50134,PKG-80134,STOP-00135,15,R-009,DRV-045,Driver 45,Texas Hub,WH-Texas,Southwest,In Transit,,,,Normal,2026-05-29T13:24:00.000Z,2026-05-29T13:44:00.000Z,,2026-05-29T13:04:00.000Z,2026-05-29T14:09:00.000Z,,,,,32.9937,-97.093,,,,,,General,137,
DLV-00136,40.9717,-74.2002,2026-05-29T12:40:00.000Z,Service Stop,,,DLV-00136,ORD-50135,PKG-80135,STOP-00136,16,R-010,DRV-001,Driver 1,North DC,WH-North,Northeast,Completed,,,,Normal,2026-05-29T13:25:00.000Z,2026-05-29T13:45:00.000Z,2026-05-29T13:43:00.000Z,2026-05-29T13:05:00.000Z,2026-05-29T14:10:00.000Z,2026-05-29T13:50:00.000Z,,,,40.9837,-74.1942,,,45,,,Cold chain,145,true
DLV-00137,33.495,-84.61,2026-05-29T12:41:00.000Z,Delivery,,,DLV-00137,ORD-50136,PKG-80136,STOP-00137,17,R-011,DRV-002,Driver 2,South DC,WH-South,Southeast,Completed,,,,Normal,2026-05-29T13:26:00.000Z,2026-05-29T13:46:00.000Z,2026-05-29T13:44:00.000Z,2026-05-29T13:06:00.000Z,2026-05-29T14:11:00.000Z,2026-05-29T13:51:00.000Z,,,,33.501,-84.61,,,,,,General,153,
DLV-00138,41.6611,-87.8088,2026-05-29T12:42:00.000Z,Delivery,,,DLV-00138,ORD-50137,PKG-80137,STOP-00138,18,R-012,DRV-003,Driver 3,Central DC,WH-Central,Central,Delayed,,,,Normal,2026-05-29T13:27:00.000Z,2026-05-29T14:37:00.000Z,,2026-05-29T13:07:00.000Z,2026-05-29T14:12:00.000Z,,,Traffic delay,,41.6611,-87.8148,,,,,,General,161,
DLV-00139,33.8722,-118.3797,2026-05-29T12:43:00.000Z,Service Stop,,,DLV-00139,ORD-50138,PKG-80138,STOP-00139,19,R-013,DRV-004,Driver 4,West DC,WH-West,West,Failed,,,,Normal,2026-05-29T13:28:00.000Z,2026-05-29T13:48:00.000Z,,2026-05-29T13:08:00.000Z,2026-05-29T14:13:00.000Z,,Customer unavailable,Failed stop,,33.8662,-118.3917,,,,,,General,169,
DLV-00140,32.6337,-96.89,2026-05-29T12:44:00.000Z,Delivery,,,DLV-00140,ORD-50139,PKG-80139,STOP-00140,20,R-014,DRV-005,Driver 5,Texas Hub,WH-Texas,Southwest,At Risk,,,,Normal,2026-05-29T13:29:00.000Z,2026-05-29T14:39:00.000Z,,2026-05-29T13:09:00.000Z,2026-05-29T14:14:00.000Z,,,Traffic delay,,32.6217,-96.908,,,,,,General,177,
DLV-00141,40.5997,-74.0272,2026-05-29T12:45:00.000Z,Delivery,,,DLV-00141,ORD-50140,PKG-80140,STOP-00141,1,R-015,DRV-006,Driver 6,North DC,WH-North,Northeast,Pending,,,,Normal,2026-05-29T11:10:00.000Z,2026-05-29T11:30:00.000Z,,2026-05-29T10:50:00.000Z,2026-05-29T11:55:00.000Z,,,,,40.6117,-74.0092,,,,,,Fragile,185,
DLV-00142,33.65,-84.437,2026-05-29T12:46:00.000Z,Service Stop,,,DLV-00142,ORD-50141,PKG-80141,STOP-00142,2,R-016,DRV-007,Driver 7,South DC,WH-South,Southeast,In Transit,,,,Normal,2026-05-29T11:11:00.000Z,2026-05-29T11:31:00.000Z,,2026-05-29T10:51:00.000Z,2026-05-29T11:56:00.000Z,,,,,33.656,-84.425,,,,,,General,193,
DLV-00143,41.8161,-87.6358,2026-05-29T12:47:00.000Z,Delivery,,,DLV-00143,ORD-50142,PKG-80142,STOP-00143,3,R-017,DRV-008,Driver 8,Central DC,WH-Central,Central,Completed,,,,Normal,2026-05-29T11:12:00.000Z,2026-05-29T11:32:00.000Z,2026-05-29T11:30:00.000Z,2026-05-29T10:52:00.000Z,2026-05-29T11:57:00.000Z,2026-05-29T11:37:00.000Z,,,,41.8161,-87.6298,,,,,,General,201,
DLV-00144,34.0272,-118.2067,2026-05-29T12:48:00.000Z,Delivery,,,DLV-00144,ORD-50143,PKG-80143,STOP-00144,4,R-018,DRV-009,Driver 9,West DC,WH-West,West,Completed,,,,High,2026-05-29T11:13:00.000Z,2026-05-29T11:33:00.000Z,2026-05-29T11:31:00.000Z,2026-05-29T10:53:00.000Z,2026-05-29T11:58:00.000Z,2026-05-29T11:38:00.000Z,,,,34.0212,-118.2067,,,,,,General,209,
DLV-00145,32.7887,-96.717,2026-05-29T12:49:00.000Z,Service Stop,,,DLV-00145,ORD-50144,PKG-80144,STOP-00145,5,R-001,DRV-010,Driver 10,Texas Hub,WH-Texas,Southwest,Delayed,,,,Normal,2026-05-29T11:14:00.000Z,2026-05-29T12:24:00.000Z,,2026-05-29T10:54:00.000Z,2026-05-29T11:59:00.000Z,,,Traffic delay,true,32.7767,-96.723,,,43,,,Cold chain,217,true
DLV-00146,40.7547,-73.8122,2026-05-29T12:50:00.000Z,Delivery,,,DLV-00146,ORD-50145,PKG-80145,STOP-00146,6,R-002,DRV-011,Driver 11,North DC,WH-North,Northeast,Failed,,,,Normal,2026-05-29T11:15:00.000Z,2026-05-29T11:35:00.000Z,,2026-05-29T10:55:00.000Z,2026-05-29T12:00:00.000Z,,Customer unavailable,Failed stop,,40.7667,-73.8242,,,,,,Fragile,225,
DLV-00147,33.805,-84.222,2026-05-29T12:51:00.000Z,Delivery,,,DLV-00147,ORD-50146,PKG-80146,STOP-00147,7,R-003,DRV-012,Driver 12,South DC,WH-South,Southeast,At Risk,,,,Normal,2026-05-29T11:16:00.000Z,2026-05-29T12:26:00.000Z,,2026-05-29T10:56:00.000Z,2026-05-29T12:01:00.000Z,,,Traffic delay,,33.811,-84.24,,,,,,General,233,
DLV-00148,41.9711,-87.4628,2026-05-29T12:52:00.000Z,Service Stop,,,DLV-00148,ORD-50147,PKG-80147,STOP-00148,8,R-004,DRV-013,Driver 13,Central DC,WH-Central,Central,Pending,,,,Normal,2026-05-29T11:17:00.000Z,2026-05-29T11:37:00.000Z,,2026-05-29T10:57:00.000Z,2026-05-29T12:02:00.000Z,,,,,41.9711,-87.4448,,,,,,General,241,
DLV-00149,34.1822,-118.0337,2026-05-29T12:53:00.000Z,Delivery,,,DLV-00149,ORD-50148,PKG-80148,STOP-00149,9,R-005,DRV-014,Driver 14,West DC,WH-West,West,In Transit,,,,Normal,2026-05-29T11:18:00.000Z,2026-05-29T11:38:00.000Z,,2026-05-29T10:58:00.000Z,2026-05-29T12:03:00.000Z,,,,,34.1762,-118.0217,,,,,,General,249,
DLV-00150,32.9437,-96.544,2026-05-29T12:54:00.000Z,Delivery,,,DLV-00150,ORD-50149,PKG-80149,STOP-00150,10,R-006,DRV-015,Driver 15,Texas Hub,WH-Texas,Southwest,Completed,,,,Normal,2026-05-29T11:19:00.000Z,2026-05-29T11:39:00.000Z,2026-05-29T11:37:00.000Z,2026-05-29T10:59:00.000Z,2026-05-29T12:04:00.000Z,2026-05-29T11:44:00.000Z,,,,32.9317,-96.538,,,,,,General,257,
DLV-00151,40.9097,-73.6392,2026-05-29T12:55:00.000Z,Service Stop,,,DLV-00151,ORD-50150,PKG-80150,STOP-00151,11,R-007,DRV-016,Driver 16,North DC,WH-North,Northeast,Completed,,,,Normal,2026-05-29T11:20:00.000Z,2026-05-29T11:40:00.000Z,2026-05-29T11:38:00.000Z,2026-05-29T11:00:00.000Z,2026-05-29T12:05:00.000Z,2026-05-29T11:45:00.000Z,,,,40.9217,-73.6392,,,,,,Fragile,265,
DLV-00152,33.96,-84.049,2026-05-29T12:56:00.000Z,Delivery,,,DLV-00152,ORD-50151,PKG-80151,STOP-00152,12,R-008,DRV-017,Driver 17,South DC,WH-South,Southeast,Delayed,,,,Normal,2026-05-29T11:21:00.000Z,2026-05-29T12:31:00.000Z,,2026-05-29T11:01:00.000Z,2026-05-29T12:06:00.000Z,,,Traffic delay,,33.966,-84.055,,,,,,General,273,
DLV-00153,42.1261,-87.9508,2026-05-29T12:57:00.000Z,Delivery,,,DLV-00153,ORD-50152,PKG-80152,STOP-00153,13,R-009,DRV-018,Driver 18,Central DC,WH-Central,Central,Failed,,,,Normal,2026-05-29T11:22:00.000Z,2026-05-29T11:42:00.000Z,,2026-05-29T11:02:00.000Z,2026-05-29T12:07:00.000Z,,Customer unavailable,Failed stop,,42.1261,-87.9628,,,,,,General,281,
DLV-00154,33.8102,-118.5217,2026-05-29T12:58:00.000Z,Service Stop,,,DLV-00154,ORD-50153,PKG-80153,STOP-00154,14,R-010,DRV-019,Driver 19,West DC,WH-West,West,At Risk,,,,Normal,2026-05-29T11:23:00.000Z,2026-05-29T12:33:00.000Z,,2026-05-29T11:03:00.000Z,2026-05-29T12:08:00.000Z,,,Traffic delay,,33.8042,-118.5397,,,52,,,Cold chain,289,true
DLV-00155,32.5717,-97.074,2026-05-29T12:59:00.000Z,Delivery,,,DLV-00155,ORD-50154,PKG-80154,STOP-00155,15,R-011,DRV-020,Driver 20,Texas Hub,WH-Texas,Southwest,Pending,,,,Normal,2026-05-29T11:24:00.000Z,2026-05-29T11:44:00.000Z,,2026-05-29T11:04:00.000Z,2026-05-29T12:09:00.000Z,,,,,32.5597,-97.056,,,,,,General,297,
DLV-00156,40.5377,-74.1692,2026-05-29T13:00:00.000Z,Delivery,,,DLV-00156,ORD-50155,PKG-80155,STOP-00156,16,R-012,DRV-021,Driver 21,North DC,WH-North,Northeast,In Transit,,,,Normal,2026-05-29T11:25:00.000Z,2026-05-29T11:45:00.000Z,,2026-05-29T11:05:00.000Z,2026-05-29T12:10:00.000Z,,,,,40.5497,-74.1572,,,,,,Fragile,305,
DLV-00157,33.588,-84.579,2026-05-29T13:01:00.000Z,Service Stop,,,DLV-00157,ORD-50156,PKG-80156,STOP-00157,17,R-013,DRV-022,Driver 22,South DC,WH-South,Southeast,Completed,,,,High,2026-05-29T11:26:00.000Z,2026-05-29T11:46:00.000Z,2026-05-29T11:44:00.000Z,2026-05-29T11:06:00.000Z,2026-05-29T12:11:00.000Z,2026-05-29T11:51:00.000Z,,,,33.594,-84.573,,,,,,General,313,
DLV-00158,41.7541,-87.7778,2026-05-29T13:02:00.000Z,Delivery,,,DLV-00158,ORD-50157,PKG-80157,STOP-00158,18,R-014,DRV-023,Driver 23,Central DC,WH-Central,Central,Completed,,,,Normal,2026-05-29T11:27:00.000Z,2026-05-29T11:47:00.000Z,2026-05-29T11:45:00.000Z,2026-05-29T11:07:00.000Z,2026-05-29T12:12:00.000Z,2026-05-29T11:52:00.000Z,,,,41.7541,-87.7778,,,,,,General,321,
DLV-00159,33.9652,-118.3487,2026-05-29T13:03:00.000Z,Delivery,,,DLV-00159,ORD-50158,PKG-80158,STOP-00159,19,R-015,DRV-024,Driver 24,West DC,WH-West,West,Delayed,,,,Normal,2026-05-29T11:28:00.000Z,2026-05-29T12:38:00.000Z,,2026-05-29T11:08:00.000Z,2026-05-29T12:13:00.000Z,,,Traffic delay,,33.9592,-118.3547,,,,,,General,329,
DLV-00160,32.7267,-96.859,2026-05-29T13:04:00.000Z,Service Stop,,,DLV-00160,ORD-50159,PKG-80159,STOP-00160,20,R-016,DRV-025,Driver 25,Texas Hub,WH-Texas,Southwest,Failed,,,,Normal,2026-05-29T11:29:00.000Z,2026-05-29T11:49:00.000Z,,2026-05-29T11:09:00.000Z,2026-05-29T12:14:00.000Z,,Customer unavailable,Failed stop,,32.7147,-96.871,,,,,,General,337,
DLV-00161,40.6927,-73.9542,2026-05-29T11:45:00.000Z,Delivery,,,DLV-00161,ORD-50160,PKG-80160,STOP-00161,1,R-017,DRV-026,Driver 26,North DC,WH-North,Northeast,At Risk,,,,Normal,2026-05-29T11:30:00.000Z,2026-05-29T12:40:00.000Z,,2026-05-29T11:10:00.000Z,2026-05-29T12:15:00.000Z,,,Traffic delay,true,40.7047,-73.9722,,,,,,Fragile,25,
DLV-00162,33.743,-84.406,2026-05-29T11:46:00.000Z,Delivery,,,DLV-00162,ORD-50161,PKG-80161,STOP-00162,2,R-018,DRV-027,Driver 27,South DC,WH-South,Southeast,Pending,,,,Normal,2026-05-29T11:31:00.000Z,2026-05-29T11:51:00.000Z,,2026-05-29T11:11:00.000Z,2026-05-29T12:16:00.000Z,,,,,33.749,-84.388,,,,,,General,33,
DLV-00163,41.9091,-87.6048,2026-05-29T11:47:00.000Z,Service Stop,,,DLV-00163,ORD-50162,PKG-80162,STOP-00163,3,R-001,DRV-028,Driver 28,Central DC,WH-Central,Central,In Transit,,,,Normal,2026-05-29T11:32:00.000Z,2026-05-29T11:52:00.000Z,,2026-05-29T11:12:00.000Z,2026-05-29T12:17:00.000Z,,,,,41.9091,-87.5928,,,50,,,Cold chain,41,true
DLV-00164,34.1202,-118.1757,2026-05-29T11:48:00.000Z,Delivery,,,DLV-00164,ORD-50163,PKG-80163,STOP-00164,4,R-002,DRV-029,Driver 29,West DC,WH-West,West,Completed,,,,Normal,2026-05-29T11:33:00.000Z,2026-05-29T11:53:00.000Z,2026-05-29T11:51:00.000Z,2026-05-29T11:13:00.000Z,2026-05-29T12:18:00.000Z,2026-05-29T11:58:00.000Z,,,,34.1142,-118.1697,,,,,,General,49,
DLV-00165,32.8817,-96.686,2026-05-29T11:49:00.000Z,Delivery,,,DLV-00165,ORD-50164,PKG-80164,STOP-00165,5,R-003,DRV-030,Driver 30,Texas Hub,WH-Texas,Southwest,Completed,,,,Normal,2026-05-29T11:34:00.000Z,2026-05-29T11:54:00.000Z,2026-05-29T11:52:00.000Z,2026-05-29T11:14:00.000Z,2026-05-29T12:19:00.000Z,2026-05-29T11:59:00.000Z,,,,32.8697,-96.686,,,,,,General,57,
DLV-00166,40.8477,-73.7812,2026-05-29T11:50:00.000Z,Service Stop,,,DLV-00166,ORD-50165,PKG-80165,STOP-00166,6,R-004,DRV-031,Driver 31,North DC,WH-North,Northeast,Delayed,,,,Normal,2026-05-29T11:35:00.000Z,2026-05-29T12:45:00.000Z,,2026-05-29T11:15:00.000Z,2026-05-29T12:20:00.000Z,,,Traffic delay,,40.8597,-73.7872,,,,,,Fragile,65,
DLV-00167,33.898,-84.191,2026-05-29T11:51:00.000Z,Delivery,,,DLV-00167,ORD-50166,PKG-80166,STOP-00167,7,R-005,DRV-032,Driver 32,South DC,WH-South,Southeast,Failed,,,,Normal,2026-05-29T11:36:00.000Z,2026-05-29T11:56:00.000Z,,2026-05-29T11:16:00.000Z,2026-05-29T12:21:00.000Z,,Customer unavailable,Failed stop,,33.904,-84.203,,,,,,General,73,
DLV-00168,42.0641,-87.3898,2026-05-29T11:52:00.000Z,Delivery,,,DLV-00168,ORD-50167,PKG-80167,STOP-00168,8,R-006,DRV-033,Driver 33,Central DC,WH-Central,Central,At Risk,,,,Normal,2026-05-29T11:37:00.000Z,2026-05-29T12:47:00.000Z,,2026-05-29T11:17:00.000Z,2026-05-29T12:22:00.000Z,,,Traffic delay,,42.0641,-87.4078,,,,,,General,81,
DLV-00169,34.2752,-118.0027,2026-05-29T11:53:00.000Z,Service Stop,,,DLV-00169,ORD-50168,PKG-80168,STOP-00169,9,R-007,DRV-034,Driver 34,West DC,WH-West,West,Pending,,,,Normal,2026-05-29T11:38:00.000Z,2026-05-29T11:58:00.000Z,,2026-05-29T11:18:00.000Z,2026-05-29T12:23:00.000Z,,,,,34.2692,-117.9847,,,,,,General,89,
DLV-00170,33.0367,-96.513,2026-05-29T11:54:00.000Z,Delivery,,,DLV-00170,ORD-50169,PKG-80169,STOP-00170,10,R-008,DRV-035,Driver 35,Texas Hub,WH-Texas,Southwest,In Transit,,,,High,2026-05-29T11:39:00.000Z,2026-05-29T11:59:00.000Z,,2026-05-29T11:19:00.000Z,2026-05-29T12:24:00.000Z,,,,,33.0247,-96.501,,,,,,General,97,
DLV-00171,40.4757,-73.6082,2026-05-29T11:55:00.000Z,Delivery,,,DLV-00171,ORD-50170,PKG-80170,STOP-00171,11,R-009,DRV-036,Driver 36,North DC,WH-North,Northeast,Completed,,,,Normal,2026-05-29T11:40:00.000Z,2026-05-29T12:00:00.000Z,2026-05-29T11:58:00.000Z,2026-05-29T11:20:00.000Z,2026-05-29T12:25:00.000Z,2026-05-29T12:05:00.000Z,,,,40.4877,-73.6022,,,,,,Fragile,105,
DLV-00172,33.526,-84.721,2026-05-29T11:56:00.000Z,Service Stop,,,DLV-00172,ORD-50171,PKG-80171,STOP-00172,12,R-010,DRV-037,Driver 37,South DC,WH-South,Southeast,Completed,,,,Normal,2026-05-29T11:41:00.000Z,2026-05-29T12:01:00.000Z,2026-05-29T11:59:00.000Z,2026-05-29T11:21:00.000Z,2026-05-29T12:26:00.000Z,2026-05-29T12:06:00.000Z,,,,33.532,-84.721,,,48,,,Cold chain,113,true
DLV-00173,41.6921,-87.9198,2026-05-29T11:57:00.000Z,Delivery,,,DLV-00173,ORD-50172,PKG-80172,STOP-00173,13,R-011,DRV-038,Driver 38,Central DC,WH-Central,Central,Delayed,,,,Normal,2026-05-29T11:42:00.000Z,2026-05-29T12:52:00.000Z,,2026-05-29T11:22:00.000Z,2026-05-29T12:27:00.000Z,,,Traffic delay,true,41.6921,-87.9258,,,,,,General,121,
DLV-00174,33.9032,-118.4907,2026-05-29T11:58:00.000Z,Delivery,,,DLV-00174,ORD-50173,PKG-80173,STOP-00174,14,R-012,DRV-039,Driver 39,West DC,WH-West,West,Failed,,,,Normal,2026-05-29T11:43:00.000Z,2026-05-29T12:03:00.000Z,,2026-05-29T11:23:00.000Z,2026-05-29T12:28:00.000Z,,Customer unavailable,Failed stop,,33.8972,-118.5027,,,,,,General,129,
DLV-00175,32.6647,-97.001,2026-05-29T11:59:00.000Z,Service Stop,,,DLV-00175,ORD-50174,PKG-80174,STOP-00175,15,R-013,DRV-040,Driver 40,Texas Hub,WH-Texas,Southwest,At Risk,,,,Normal,2026-05-29T11:44:00.000Z,2026-05-29T12:54:00.000Z,,2026-05-29T11:24:00.000Z,2026-05-29T12:29:00.000Z,,,Traffic delay,,32.6527,-97.019,,,,,,General,137,
DLV-00176,40.6307,-74.1382,2026-05-29T12:00:00.000Z,Delivery,,,DLV-00176,ORD-50175,PKG-80175,STOP-00176,16,R-014,DRV-041,Driver 41,North DC,WH-North,Northeast,Pending,,,,Normal,2026-05-29T11:45:00.000Z,2026-05-29T12:05:00.000Z,,2026-05-29T11:25:00.000Z,2026-05-29T12:30:00.000Z,,,,,40.6427,-74.1202,,,,,,Fragile,145,
DLV-00177,33.681,-84.548,2026-05-29T12:01:00.000Z,Delivery,,,DLV-00177,ORD-50176,PKG-80176,STOP-00177,17,R-015,DRV-042,Driver 42,South DC,WH-South,Southeast,In Transit,,,,Normal,2026-05-29T11:46:00.000Z,2026-05-29T12:06:00.000Z,,2026-05-29T11:26:00.000Z,2026-05-29T12:31:00.000Z,,,,,33.687,-84.536,,,,,,General,153,
DLV-00178,41.8471,-87.7468,2026-05-29T12:02:00.000Z,Service Stop,,,DLV-00178,ORD-50177,PKG-80177,STOP-00178,18,R-016,DRV-043,Driver 43,Central DC,WH-Central,Central,Completed,,,,Normal,2026-05-29T11:47:00.000Z,2026-05-29T12:07:00.000Z,2026-05-29T12:05:00.000Z,2026-05-29T11:27:00.000Z,2026-05-29T12:32:00.000Z,2026-05-29T12:12:00.000Z,,,,41.8471,-87.7408,,,,,,General,161,
DLV-00179,34.0582,-118.3177,2026-05-29T12:03:00.000Z,Delivery,,,DLV-00179,ORD-50178,PKG-80178,STOP-00179,19,R-017,DRV-044,Driver 44,West DC,WH-West,West,Completed,,,,Normal,2026-05-29T11:48:00.000Z,2026-05-29T12:08:00.000Z,2026-05-29T12:06:00.000Z,2026-05-29T11:28:00.000Z,2026-05-29T12:33:00.000Z,2026-05-29T12:13:00.000Z,,,,34.0522,-118.3177,,,,,,General,169,
DLV-00180,32.8197,-96.828,2026-05-29T12:04:00.000Z,Delivery,,,DLV-00180,ORD-50179,PKG-80179,STOP-00180,20,R-018,DRV-045,Driver 45,Texas Hub,WH-Texas,Southwest,Delayed,,,,Normal,2026-05-29T11:49:00.000Z,2026-05-29T12:59:00.000Z,,2026-05-29T11:29:00.000Z,2026-05-29T12:34:00.000Z,,,Traffic delay,,32.8077,-96.834,,,,,,General,177,
DLV-00181,40.7857,-73.9232,2026-05-29T12:05:00.000Z,Service Stop,,,DLV-00181,ORD-50180,PKG-80180,STOP-00181,1,R-001,DRV-001,Driver 1,North DC,WH-North,Northeast,Failed,,,,Normal,2026-05-29T11:50:00.000Z,2026-05-29T12:10:00.000Z,,2026-05-29T11:30:00.000Z,2026-05-29T12:35:00.000Z,,Customer unavailable,Failed stop,,40.7977,-73.9352,,,46,,,Cold chain,185,true
DLV-00182,33.836,-84.333,2026-05-29T12:06:00.000Z,Delivery,,,DLV-00182,ORD-50181,PKG-80181,STOP-00182,2,R-002,DRV-002,Driver 2,South DC,WH-South,Southeast,At Risk,,,,Normal,2026-05-29T11:51:00.000Z,2026-05-29T13:01:00.000Z,,2026-05-29T11:31:00.000Z,2026-05-29T12:36:00.000Z,,,Traffic delay,,33.842,-84.351,,,,,,General,193,
DLV-00183,42.0021,-87.5738,2026-05-29T12:07:00.000Z,Delivery,,,DLV-00183,ORD-50182,PKG-80182,STOP-00183,3,R-003,DRV-003,Driver 3,Central DC,WH-Central,Central,Pending,,,,High,2026-05-29T11:52:00.000Z,2026-05-29T12:12:00.000Z,,2026-05-29T11:32:00.000Z,2026-05-29T12:37:00.000Z,,,,,42.0021,-87.5558,,,,,,General,201,
DLV-00184,34.2132,-118.1447,2026-05-29T12:08:00.000Z,Service Stop,,,DLV-00184,ORD-50183,PKG-80183,STOP-00184,4,R-004,DRV-004,Driver 4,West DC,WH-West,West,In Transit,,,,Normal,2026-05-29T11:53:00.000Z,2026-05-29T12:13:00.000Z,,2026-05-29T11:33:00.000Z,2026-05-29T12:38:00.000Z,,,,,34.2072,-118.1327,,,,,,General,209,
DLV-00185,32.9747,-96.655,2026-05-29T12:09:00.000Z,Delivery,,,DLV-00185,ORD-50184,PKG-80184,STOP-00185,5,R-005,DRV-005,Driver 5,Texas Hub,WH-Texas,Southwest,Completed,,,,Normal,2026-05-29T11:54:00.000Z,2026-05-29T12:14:00.000Z,2026-05-29T12:12:00.000Z,2026-05-29T11:34:00.000Z,2026-05-29T12:39:00.000Z,2026-05-29T12:19:00.000Z,,,,32.9627,-96.649,,,,,,General,217,
DLV-00186,40.9407,-73.7502,2026-05-29T12:10:00.000Z,Delivery,,,DLV-00186,ORD-50185,PKG-80185,STOP-00186,6,R-006,DRV-006,Driver 6,North DC,WH-North,Northeast,Completed,,,,Normal,2026-05-29T11:55:00.000Z,2026-05-29T12:15:00.000Z,2026-05-29T12:13:00.000Z,2026-05-29T11:35:00.000Z,2026-05-29T12:40:00.000Z,2026-05-29T12:20:00.000Z,,,,40.9527,-73.7502,,,,,,Fragile,225,
DLV-00187,33.991,-84.16,2026-05-29T12:11:00.000Z,Service Stop,,,DLV-00187,ORD-50186,PKG-80186,STOP-00187,7,R-007,DRV-007,Driver 7,South DC,WH-South,Southeast,Delayed,,,,Normal,2026-05-29T11:56:00.000Z,2026-05-29T13:06:00.000Z,,2026-05-29T11:36:00.000Z,2026-05-29T12:41:00.000Z,,,Traffic delay,,33.997,-84.166,,,,,,General,233,
DLV-00188,41.6301,-87.3588,2026-05-29T12:12:00.000Z,Delivery,,,DLV-00188,ORD-50187,PKG-80187,STOP-00188,8,R-008,DRV-008,Driver 8,Central DC,WH-Central,Central,Failed,,,,Normal,2026-05-29T11:57:00.000Z,2026-05-29T12:17:00.000Z,,2026-05-29T11:37:00.000Z,2026-05-29T12:42:00.000Z,,Customer unavailable,Failed stop,,41.6301,-87.3708,,,,,,General,241,
DLV-00189,33.8412,-117.9297,2026-05-29T12:13:00.000Z,Delivery,,,DLV-00189,ORD-50188,PKG-80188,STOP-00189,9,R-009,DRV-009,Driver 9,West DC,WH-West,West,At Risk,,,,Normal,2026-05-29T11:58:00.000Z,2026-05-29T13:08:00.000Z,,2026-05-29T11:38:00.000Z,2026-05-29T12:43:00.000Z,,,Traffic delay,true,33.8352,-117.9477,,,,,,General,249,
DLV-00190,32.6027,-96.482,2026-05-29T12:14:00.000Z,Service Stop,,,DLV-00190,ORD-50189,PKG-80189,STOP-00190,10,R-010,DRV-010,Driver 10,Texas Hub,WH-Texas,Southwest,Pending,,,,Normal,2026-05-29T11:59:00.000Z,2026-05-29T12:19:00.000Z,,2026-05-29T11:39:00.000Z,2026-05-29T12:44:00.000Z,,,,,32.5907,-96.464,,,44,,,Cold chain,257,true
DLV-00191,40.5687,-74.2802,2026-05-29T12:15:00.000Z,Delivery,,,DLV-00191,ORD-50190,PKG-80190,STOP-00191,11,R-011,DRV-011,Driver 11,North DC,WH-North,Northeast,In Transit,,,,Normal,2026-05-29T12:00:00.000Z,2026-05-29T12:20:00.000Z,,2026-05-29T11:40:00.000Z,2026-05-29T12:45:00.000Z,,,,,40.5807,-74.2682,,,,,,Fragile,265,
DLV-00192,33.619,-84.69,2026-05-29T12:16:00.000Z,Delivery,,,DLV-00192,ORD-50191,PKG-80191,STOP-00192,12,R-012,DRV-012,Driver 12,South DC,WH-South,Southeast,Completed,,,,Normal,2026-05-29T12:01:00.000Z,2026-05-29T12:21:00.000Z,2026-05-29T12:19:00.000Z,2026-05-29T11:41:00.000Z,2026-05-29T12:46:00.000Z,2026-05-29T12:26:00.000Z,,,,33.625,-84.684,,,,,,General,273,
DLV-00193,41.7851,-87.8888,2026-05-29T12:17:00.000Z,Service Stop,,,DLV-00193,ORD-50192,PKG-80192,STOP-00193,13,R-013,DRV-013,Driver 13,Central DC,WH-Central,Central,Completed,,,,Normal,2026-05-29T12:02:00.000Z,2026-05-29T12:22:00.000Z,2026-05-29T12:20:00.000Z,2026-05-29T11:42:00.000Z,2026-05-29T12:47:00.000Z,2026-05-29T12:27:00.000Z,,,,41.7851,-87.8888,,,,,,General,281,
DLV-00194,33.9962,-118.4597,2026-05-29T12:18:00.000Z,Delivery,,,DLV-00194,ORD-50193,PKG-80193,STOP-00194,14,R-014,DRV-014,Driver 14,West DC,WH-West,West,Delayed,,,,Normal,2026-05-29T12:03:00.000Z,2026-05-29T13:13:00.000Z,,2026-05-29T11:43:00.000Z,2026-05-29T12:48:00.000Z,,,Traffic delay,,33.9902,-118.4657,,,,,,General,289,
DLV-00195,32.7577,-96.97,2026-05-29T12:19:00.000Z,Delivery,,,DLV-00195,ORD-50194,PKG-80194,STOP-00195,15,R-015,DRV-015,Driver 15,Texas Hub,WH-Texas,Southwest,Failed,,,,Normal,2026-05-29T12:04:00.000Z,2026-05-29T12:24:00.000Z,,2026-05-29T11:44:00.000Z,2026-05-29T12:49:00.000Z,,Customer unavailable,Failed stop,,32.7457,-96.982,,,,,,General,297,
DLV-00196,40.7237,-74.0652,2026-05-29T12:20:00.000Z,Service Stop,,,DLV-00196,ORD-50195,PKG-80195,STOP-00196,16,R-016,DRV-016,Driver 16,North DC,WH-North,Northeast,At Risk,,,,High,2026-05-29T12:05:00.000Z,2026-05-29T13:15:00.000Z,,2026-05-29T11:45:00.000Z,2026-05-29T12:50:00.000Z,,,Traffic delay,,40.7357,-74.0832,,,,,,Fragile,305,
DLV-00197,33.774,-84.517,2026-05-29T12:21:00.000Z,Delivery,,,DLV-00197,ORD-50196,PKG-80196,STOP-00197,17,R-017,DRV-017,Driver 17,South DC,WH-South,Southeast,Pending,,,,Normal,2026-05-29T12:06:00.000Z,2026-05-29T12:26:00.000Z,,2026-05-29T11:46:00.000Z,2026-05-29T12:51:00.000Z,,,,,33.78,-84.499,,,,,,General,313,
DLV-00198,41.9401,-87.7158,2026-05-29T12:22:00.000Z,Delivery,,,DLV-00198,ORD-50197,PKG-80197,STOP-00198,18,R-018,DRV-018,Driver 18,Central DC,WH-Central,Central,In Transit,,,,Normal,2026-05-29T12:07:00.000Z,2026-05-29T12:27:00.000Z,,2026-05-29T11:47:00.000Z,2026-05-29T12:52:00.000Z,,,,,41.9401,-87.7038,,,,,,General,321,
DLV-00199,34.1512,-118.2867,2026-05-29T12:23:00.000Z,Service Stop,,,DLV-00199,ORD-50198,PKG-80198,STOP-00199,19,R-001,DRV-019,Driver 19,West DC,WH-West,West,Completed,,,,Normal,2026-05-29T12:08:00.000Z,2026-05-29T12:28:00.000Z,2026-05-29T12:26:00.000Z,2026-05-29T11:48:00.000Z,2026-05-29T12:53:00.000Z,2026-05-29T12:33:00.000Z,,,,34.1452,-118.2807,,,42,,,Cold chain,329,true
DLV-00200,32.9127,-96.797,2026-05-29T12:24:00.000Z,Delivery,,,DLV-00200,ORD-50199,PKG-80199,STOP-00200,20,R-002,DRV-020,Driver 20,Texas Hub,WH-Texas,Southwest,Completed,,,,Normal,2026-05-29T12:09:00.000Z,2026-05-29T12:29:00.000Z,2026-05-29T12:27:00.000Z,2026-05-29T11:49:00.000Z,2026-05-29T12:54:00.000Z,2026-05-29T12:34:00.000Z,,,,32.9007,-96.797,,,,,,General,337,
DLV-00201,40.8787,-73.8922,2026-05-29T12:25:00.000Z,Delivery,,,DLV-00201,ORD-50200,PKG-80200,STOP-00201,1,R-003,DRV-021,Driver 21,North DC,WH-North,Northeast,Delayed,,,,Normal,2026-05-29T12:10:00.000Z,2026-05-29T13:20:00.000Z,,2026-05-29T11:50:00.000Z,2026-05-29T12:55:00.000Z,,,Traffic delay,true,40.8907,-73.8982,,,,,,Fragile,25,
DLV-00202,33.929,-84.302,2026-05-29T12:26:00.000Z,Service Stop,,,DLV-00202,ORD-50201,PKG-80201,STOP-00202,2,R-004,DRV-022,Driver 22,South DC,WH-South,Southeast,Failed,,,,Normal,2026-05-29T12:11:00.000Z,2026-05-29T12:31:00.000Z,,2026-05-29T11:51:00.000Z,2026-05-29T12:56:00.000Z,,Customer unavailable,Failed stop,,33.935,-84.314,,,,,,General,33,
DLV-00203,42.0951,-87.5008,2026-05-29T12:27:00.000Z,Delivery,,,DLV-00203,ORD-50202,PKG-80202,STOP-00203,3,R-005,DRV-023,Driver 23,Central DC,WH-Central,Central,At Risk,,,,Normal,2026-05-29T12:12:00.000Z,2026-05-29T13:22:00.000Z,,2026-05-29T11:52:00.000Z,2026-05-29T12:57:00.000Z,,,Traffic delay,,42.0951,-87.5188,,,,,,General,41,
DLV-00204,34.3062,-118.1137,2026-05-29T12:28:00.000Z,Delivery,,,DLV-00204,ORD-50203,PKG-80203,STOP-00204,4,R-006,DRV-024,Driver 24,West DC,WH-West,West,Pending,,,,Normal,2026-05-29T12:13:00.000Z,2026-05-29T12:33:00.000Z,,2026-05-29T11:53:00.000Z,2026-05-29T12:58:00.000Z,,,,,34.3002,-118.0957,,,,,,General,49,
DLV-00205,32.5407,-96.624,2026-05-29T12:29:00.000Z,Service Stop,,,DLV-00205,ORD-50204,PKG-80204,STOP-00205,5,R-007,DRV-025,Driver 25,Texas Hub,WH-Texas,Southwest,In Transit,,,,Normal,2026-05-29T12:14:00.000Z,2026-05-29T12:34:00.000Z,,2026-05-29T11:54:00.000Z,2026-05-29T12:59:00.000Z,,,,,32.5287,-96.612,,,,,,General,57,
DLV-00206,40.5067,-73.7192,2026-05-29T12:30:00.000Z,Delivery,,,DLV-00206,ORD-50205,PKG-80205,STOP-00206,6,R-008,DRV-026,Driver 26,North DC,WH-North,Northeast,Completed,,,,Normal,2026-05-29T12:15:00.000Z,2026-05-29T12:35:00.000Z,2026-05-29T12:33:00.000Z,2026-05-29T11:55:00.000Z,2026-05-29T13:00:00.000Z,2026-05-29T12:40:00.000Z,,,,40.5187,-73.7132,,,,,,Fragile,65,
DLV-00207,33.557,-84.129,2026-05-29T12:31:00.000Z,Delivery,,,DLV-00207,ORD-50206,PKG-80206,STOP-00207,7,R-009,DRV-027,Driver 27,South DC,WH-South,Southeast,Completed,,,,Normal,2026-05-29T12:16:00.000Z,2026-05-29T12:36:00.000Z,2026-05-29T12:34:00.000Z,2026-05-29T11:56:00.000Z,2026-05-29T13:01:00.000Z,2026-05-29T12:41:00.000Z,,,,33.563,-84.129,,,,,,General,73,
DLV-00208,41.7231,-87.3278,2026-05-29T12:32:00.000Z,Service Stop,,,DLV-00208,ORD-50207,PKG-80207,STOP-00208,8,R-010,DRV-028,Driver 28,Central DC,WH-Central,Central,Delayed,,,,Normal,2026-05-29T12:17:00.000Z,2026-05-29T13:27:00.000Z,,2026-05-29T11:57:00.000Z,2026-05-29T13:02:00.000Z,,,Traffic delay,,41.7231,-87.3338,,,51,,,Cold chain,81,true
DLV-00209,33.9342,-117.8987,2026-05-29T12:33:00.000Z,Delivery,,,DLV-00209,ORD-50208,PKG-80208,STOP-00209,9,R-011,DRV-029,Driver 29,West DC,WH-West,West,Failed,,,,High,2026-05-29T12:18:00.000Z,2026-05-29T12:38:00.000Z,,2026-05-29T11:58:00.000Z,2026-05-29T13:03:00.000Z,,Customer unavailable,Failed stop,,33.9282,-117.9107,,,,,,General,89,
DLV-00210,32.6957,-97.112,2026-05-29T12:34:00.000Z,Delivery,,,DLV-00210,ORD-50209,PKG-80209,STOP-00210,10,R-012,DRV-030,Driver 30,Texas Hub,WH-Texas,Southwest,At Risk,,,,Normal,2026-05-29T12:19:00.000Z,2026-05-29T13:29:00.000Z,,2026-05-29T11:59:00.000Z,2026-05-29T13:04:00.000Z,,,Traffic delay,,32.6837,-97.13,,,,,,General,97,
DLV-00211,40.6617,-74.2492,2026-05-29T12:35:00.000Z,Service Stop,,,DLV-00211,ORD-50210,PKG-80210,STOP-00211,11,R-013,DRV-031,Driver 31,North DC,WH-North,Northeast,Pending,,,,Normal,2026-05-29T12:20:00.000Z,2026-05-29T12:40:00.000Z,,2026-05-29T12:00:00.000Z,2026-05-29T13:05:00.000Z,,,,,40.6737,-74.2312,,,,,,Fragile,105,
DLV-00212,33.712,-84.659,2026-05-29T12:36:00.000Z,Delivery,,,DLV-00212,ORD-50211,PKG-80211,STOP-00212,12,R-014,DRV-032,Driver 32,South DC,WH-South,Southeast,In Transit,,,,Normal,2026-05-29T12:21:00.000Z,2026-05-29T12:41:00.000Z,,2026-05-29T12:01:00.000Z,2026-05-29T13:06:00.000Z,,,,,33.718,-84.647,,,,,,General,113,
DLV-00213,41.8781,-87.8578,2026-05-29T12:37:00.000Z,Delivery,,,DLV-00213,ORD-50212,PKG-80212,STOP-00213,13,R-015,DRV-033,Driver 33,Central DC,WH-Central,Central,Completed,,,,Normal,2026-05-29T12:22:00.000Z,2026-05-29T12:42:00.000Z,2026-05-29T12:40:00.000Z,2026-05-29T12:02:00.000Z,2026-05-29T13:07:00.000Z,2026-05-29T12:47:00.000Z,,,,41.8781,-87.8518,,,,,,General,121,
DLV-00214,34.0892,-118.4287,2026-05-29T12:38:00.000Z,Service Stop,,,DLV-00214,ORD-50213,PKG-80213,STOP-00214,14,R-016,DRV-034,Driver 34,West DC,WH-West,West,Completed,,,,Normal,2026-05-29T12:23:00.000Z,2026-05-29T12:43:00.000Z,2026-05-29T12:41:00.000Z,2026-05-29T12:03:00.000Z,2026-05-29T13:08:00.000Z,2026-05-29T12:48:00.000Z,,,,34.0832,-118.4287,,,,,,General,129,
DLV-00215,32.8507,-96.939,2026-05-29T12:39:00.000Z,Delivery,,,DLV-00215,ORD-50214,PKG-80214,STOP-00215,15,R-017,DRV-035,Driver 35,Texas Hub,WH-Texas,Southwest,Delayed,,,,Normal,2026-05-29T12:24:00.000Z,2026-05-29T13:34:00.000Z,,2026-05-29T12:04:00.000Z,2026-05-29T13:09:00.000Z,,,Traffic delay,,32.8387,-96.945,,,,,,General,137,
DLV-00216,40.8167,-74.0342,2026-05-29T12:40:00.000Z,Delivery,,,DLV-00216,ORD-50215,PKG-80215,STOP-00216,16,R-018,DRV-036,Driver 36,North DC,WH-North,Northeast,Failed,,,,Normal,2026-05-29T12:25:00.000Z,2026-05-29T12:45:00.000Z,,2026-05-29T12:05:00.000Z,2026-05-29T13:10:00.000Z,,Customer unavailable,Failed stop,,40.8287,-74.0462,,,,,,Fragile,145,
DLV-00217,33.867,-84.444,2026-05-29T12:41:00.000Z,Service Stop,,,DLV-00217,ORD-50216,PKG-80216,STOP-00217,17,R-001,DRV-037,Driver 37,South DC,WH-South,Southeast,At Risk,,,,Normal,2026-05-29T12:26:00.000Z,2026-05-29T13:36:00.000Z,,2026-05-29T12:06:00.000Z,2026-05-29T13:11:00.000Z,,,Traffic delay,true,33.873,-84.462,,,49,,,Cold chain,153,true
DLV-00218,42.0331,-87.6848,2026-05-29T12:42:00.000Z,Delivery,,,DLV-00218,ORD-50217,PKG-80217,STOP-00218,18,R-002,DRV-038,Driver 38,Central DC,WH-Central,Central,Pending,,,,Normal,2026-05-29T12:27:00.000Z,2026-05-29T12:47:00.000Z,,2026-05-29T12:07:00.000Z,2026-05-29T13:12:00.000Z,,,,,42.0331,-87.6668,,,,,,General,161,
DLV-00219,34.2442,-118.2557,2026-05-29T12:43:00.000Z,Delivery,,,DLV-00219,ORD-50218,PKG-80218,STOP-00219,19,R-003,DRV-039,Driver 39,West DC,WH-West,West,In Transit,,,,Normal,2026-05-29T12:28:00.000Z,2026-05-29T12:48:00.000Z,,2026-05-29T12:08:00.000Z,2026-05-29T13:13:00.000Z,,,,,34.2382,-118.2437,,,,,,General,169,
DLV-00220,33.0057,-96.766,2026-05-29T12:44:00.000Z,Service Stop,,,DLV-00220,ORD-50219,PKG-80219,STOP-00220,20,R-004,DRV-040,Driver 40,Texas Hub,WH-Texas,Southwest,Completed,,,,Normal,2026-05-29T12:29:00.000Z,2026-05-29T12:49:00.000Z,2026-05-29T12:47:00.000Z,2026-05-29T12:09:00.000Z,2026-05-29T13:14:00.000Z,2026-05-29T12:54:00.000Z,,,,32.9937,-96.76,,,,,,General,177,
DLV-00221,40.9717,-73.8612,2026-05-29T12:45:00.000Z,Delivery,,,DLV-00221,ORD-50220,PKG-80220,STOP-00221,1,R-005,DRV-041,Driver 41,North DC,WH-North,Northeast,Completed,,,,Normal,2026-05-29T12:30:00.000Z,2026-05-29T12:50:00.000Z,2026-05-29T12:48:00.000Z,2026-05-29T12:10:00.000Z,2026-05-29T13:15:00.000Z,2026-05-29T12:55:00.000Z,,,,40.9837,-73.8612,,,,,,Fragile,185,
DLV-00222,33.495,-84.271,2026-05-29T12:46:00.000Z,Delivery,,,DLV-00222,ORD-50221,PKG-80221,STOP-00222,2,R-006,DRV-042,Driver 42,South DC,WH-South,Southeast,Delayed,,,,High,2026-05-29T12:31:00.000Z,2026-05-29T13:41:00.000Z,,2026-05-29T12:11:00.000Z,2026-05-29T13:16:00.000Z,,,Traffic delay,,33.501,-84.277,,,,,,General,193,
DLV-00223,41.6611,-87.4698,2026-05-29T12:47:00.000Z,Service Stop,,,DLV-00223,ORD-50222,PKG-80222,STOP-00223,3,R-007,DRV-043,Driver 43,Central DC,WH-Central,Central,Failed,,,,Normal,2026-05-29T12:32:00.000Z,2026-05-29T12:52:00.000Z,,2026-05-29T12:12:00.000Z,2026-05-29T13:17:00.000Z,,Customer unavailable,Failed stop,,41.6611,-87.4818,,,,,,General,201,
DLV-00224,33.8722,-118.0407,2026-05-29T12:48:00.000Z,Delivery,,,DLV-00224,ORD-50223,PKG-80223,STOP-00224,4,R-008,DRV-044,Driver 44,West DC,WH-West,West,At Risk,,,,Normal,2026-05-29T12:33:00.000Z,2026-05-29T13:43:00.000Z,,2026-05-29T12:13:00.000Z,2026-05-29T13:18:00.000Z,,,Traffic delay,,33.8662,-118.0587,,,,,,General,209,
DLV-00225,32.6337,-96.593,2026-05-29T12:49:00.000Z,Delivery,,,DLV-00225,ORD-50224,PKG-80224,STOP-00225,5,R-009,DRV-045,Driver 45,Texas Hub,WH-Texas,Southwest,Pending,,,,Normal,2026-05-29T12:34:00.000Z,2026-05-29T12:54:00.000Z,,2026-05-29T12:14:00.000Z,2026-05-29T13:19:00.000Z,,,,,32.6217,-96.575,,,,,,General,217,
DLV-00226,40.5997,-73.6882,2026-05-29T12:50:00.000Z,Service Stop,,,DLV-00226,ORD-50225,PKG-80225,STOP-00226,6,R-010,DRV-001,Driver 1,North DC,WH-North,Northeast,In Transit,,,,Normal,2026-05-29T12:35:00.000Z,2026-05-29T12:55:00.000Z,,2026-05-29T12:15:00.000Z,2026-05-29T13:20:00.000Z,,,,,40.6117,-73.6762,,,47,,,Cold chain,225,true
DLV-00227,33.65,-84.098,2026-05-29T12:51:00.000Z,Delivery,,,DLV-00227,ORD-50226,PKG-80226,STOP-00227,7,R-011,DRV-002,Driver 2,South DC,WH-South,Southeast,Completed,,,,Normal,2026-05-29T12:36:00.000Z,2026-05-29T12:56:00.000Z,2026-05-29T12:54:00.000Z,2026-05-29T12:16:00.000Z,2026-05-29T13:21:00.000Z,2026-05-29T13:01:00.000Z,,,,33.656,-84.092,,,,,,General,233,
DLV-00228,41.8161,-87.2968,2026-05-29T12:52:00.000Z,Delivery,,,DLV-00228,ORD-50227,PKG-80227,STOP-00228,8,R-012,DRV-003,Driver 3,Central DC,WH-Central,Central,Completed,,,,Normal,2026-05-29T12:37:00.000Z,2026-05-29T12:57:00.000Z,2026-05-29T12:55:00.000Z,2026-05-29T12:17:00.000Z,2026-05-29T13:22:00.000Z,2026-05-29T13:02:00.000Z,,,,41.8161,-87.2968,,,,,,General,241,
DLV-00229,34.0272,-118.5707,2026-05-29T12:53:00.000Z,Service Stop,,,DLV-00229,ORD-50228,PKG-80228,STOP-00229,9,R-013,DRV-004,Driver 4,West DC,WH-West,West,Delayed,,,,Normal,2026-05-29T12:38:00.000Z,2026-05-29T13:48:00.000Z,,2026-05-29T12:18:00.000Z,2026-05-29T13:23:00.000Z,,,Traffic delay,true,34.0212,-118.5767,,,,,,General,249,
DLV-00230,32.7887,-97.081,2026-05-29T12:54:00.000Z,Delivery,,,DLV-00230,ORD-50229,PKG-80229,STOP-00230,10,R-014,DRV-005,Driver 5,Texas Hub,WH-Texas,Southwest,Failed,,,,Normal,2026-05-29T12:39:00.000Z,2026-05-29T12:59:00.000Z,,2026-05-29T12:19:00.000Z,2026-05-29T13:24:00.000Z,,Customer unavailable,Failed stop,,32.7767,-97.093,,,,,,General,257,
DLV-00231,40.7547,-74.1762,2026-05-29T12:55:00.000Z,Delivery,,,DLV-00231,ORD-50230,PKG-80230,STOP-00231,11,R-015,DRV-006,Driver 6,North DC,WH-North,Northeast,At Risk,,,,Normal,2026-05-29T12:40:00.000Z,2026-05-29T13:50:00.000Z,,2026-05-29T12:20:00.000Z,2026-05-29T13:25:00.000Z,,,Traffic delay,,40.7667,-74.1942,,,,,,Fragile,265,
DLV-00232,33.805,-84.628,2026-05-29T12:56:00.000Z,Service Stop,,,DLV-00232,ORD-50231,PKG-80231,STOP-00232,12,R-016,DRV-007,Driver 7,South DC,WH-South,Southeast,Pending,,,,Normal,2026-05-29T12:41:00.000Z,2026-05-29T13:01:00.000Z,,2026-05-29T12:21:00.000Z,2026-05-29T13:26:00.000Z,,,,,33.811,-84.61,,,,,,General,273,
DLV-00233,41.9711,-87.8268,2026-05-29T12:57:00.000Z,Delivery,,,DLV-00233,ORD-50232,PKG-80232,STOP-00233,13,R-017,DRV-008,Driver 8,Central DC,WH-Central,Central,In Transit,,,,Normal,2026-05-29T12:42:00.000Z,2026-05-29T13:02:00.000Z,,2026-05-29T12:22:00.000Z,2026-05-29T13:27:00.000Z,,,,,41.9711,-87.8148,,,,,,General,281,
DLV-00234,34.1822,-118.3977,2026-05-29T12:58:00.000Z,Delivery,,,DLV-00234,ORD-50233,PKG-80233,STOP-00234,14,R-018,DRV-009,Driver 9,West DC,WH-West,West,Completed,,,,Normal,2026-05-29T12:43:00.000Z,2026-05-29T13:03:00.000Z,2026-05-29T13:01:00.000Z,2026-05-29T12:23:00.000Z,2026-05-29T13:28:00.000Z,2026-05-29T13:08:00.000Z,,,,34.1762,-118.3917,,,,,,General,289,
DLV-00235,32.9437,-96.908,2026-05-29T12:59:00.000Z,Service Stop,,,DLV-00235,ORD-50234,PKG-80234,STOP-00235,15,R-001,DRV-010,Driver 10,Texas Hub,WH-Texas,Southwest,Completed,,,,High,2026-05-29T12:44:00.000Z,2026-05-29T13:04:00.000Z,2026-05-29T13:02:00.000Z,2026-05-29T12:24:00.000Z,2026-05-29T13:29:00.000Z,2026-05-29T13:09:00.000Z,,,,32.9317,-96.908,,,45,,,Cold chain,297,true
DLV-00236,40.9097,-74.0032,2026-05-29T13:00:00.000Z,Delivery,,,DLV-00236,ORD-50235,PKG-80235,STOP-00236,16,R-002,DRV-011,Driver 11,North DC,WH-North,Northeast,Delayed,,,,Normal,2026-05-29T12:45:00.000Z,2026-05-29T13:55:00.000Z,,2026-05-29T12:25:00.000Z,2026-05-29T13:30:00.000Z,,,Traffic delay,,40.9217,-74.0092,,,,,,Fragile,305,
DLV-00237,33.96,-84.413,2026-05-29T13:01:00.000Z,Delivery,,,DLV-00237,ORD-50236,PKG-80236,STOP-00237,17,R-003,DRV-012,Driver 12,South DC,WH-South,Southeast,Failed,,,,Normal,2026-05-29T12:46:00.000Z,2026-05-29T13:06:00.000Z,,2026-05-29T12:26:00.000Z,2026-05-29T13:31:00.000Z,,Customer unavailable,Failed stop,,33.966,-84.425,,,,,,General,313,
DLV-00238,42.1261,-87.6118,2026-05-29T13:02:00.000Z,Service Stop,,,DLV-00238,ORD-50237,PKG-80237,STOP-00238,18,R-004,DRV-013,Driver 13,Central DC,WH-Central,Central,At Risk,,,,Normal,2026-05-29T12:47:00.000Z,2026-05-29T13:57:00.000Z,,2026-05-29T12:27:00.000Z,2026-05-29T13:32:00.000Z,,,Traffic delay,,42.1261,-87.6298,,,,,,General,321,
DLV-00239,33.8102,-118.2247,2026-05-29T13:03:00.000Z,Delivery,,,DLV-00239,ORD-50238,PKG-80238,STOP-00239,19,R-005,DRV-014,Driver 14,West DC,WH-West,West,Pending,,,,Normal,2026-05-29T12:48:00.000Z,2026-05-29T13:08:00.000Z,,2026-05-29T12:28:00.000Z,2026-05-29T13:33:00.000Z,,,,,33.8042,-118.2067,,,,,,General,329,
DLV-00240,32.5717,-96.735,2026-05-29T13:04:00.000Z,Delivery,,,DLV-00240,ORD-50239,PKG-80239,STOP-00240,20,R-006,DRV-015,Driver 15,Texas Hub,WH-Texas,Southwest,In Transit,,,,Normal,2026-05-29T12:49:00.000Z,2026-05-29T13:09:00.000Z,,2026-05-29T12:29:00.000Z,2026-05-29T13:34:00.000Z,,,,,32.5597,-96.723,,,,,,General,337,
DLV-00241,40.5377,-73.8302,2026-05-29T11:45:00.000Z,Service Stop,,,DLV-00241,ORD-50240,PKG-80240,STOP-00241,1,R-007,DRV-016,Driver 16,North DC,WH-North,Northeast,Completed,,,,Normal,2026-05-29T12:50:00.000Z,2026-05-29T13:10:00.000Z,2026-05-29T13:08:00.000Z,2026-05-29T12:30:00.000Z,2026-05-29T13:35:00.000Z,2026-05-29T13:15:00.000Z,,,,40.5497,-73.8242,,,,,,Fragile,25,
DLV-00242,33.588,-84.24,2026-05-29T11:46:00.000Z,Delivery,,,DLV-00242,ORD-50241,PKG-80241,STOP-00242,2,R-008,DRV-017,Driver 17,South DC,WH-South,Southeast,Completed,,,,Normal,2026-05-29T12:51:00.000Z,2026-05-29T13:11:00.000Z,2026-05-29T13:09:00.000Z,2026-05-29T12:31:00.000Z,2026-05-29T13:36:00.000Z,2026-05-29T13:16:00.000Z,,,,33.594,-84.24,,,,,,General,33,
DLV-00243,41.7541,-87.4388,2026-05-29T11:47:00.000Z,Delivery,,,DLV-00243,ORD-50242,PKG-80242,STOP-00243,3,R-009,DRV-018,Driver 18,Central DC,WH-Central,Central,Delayed,,,,Normal,2026-05-29T12:52:00.000Z,2026-05-29T14:02:00.000Z,,2026-05-29T12:32:00.000Z,2026-05-29T13:37:00.000Z,,,Traffic delay,,41.7541,-87.4448,,,,,,General,41,
DLV-00244,33.9652,-118.0097,2026-05-29T11:48:00.000Z,Service Stop,,,DLV-00244,ORD-50243,PKG-80243,STOP-00244,4,R-010,DRV-019,Driver 19,West DC,WH-West,West,Failed,,,,Normal,2026-05-29T12:53:00.000Z,2026-05-29T13:13:00.000Z,,2026-05-29T12:33:00.000Z,2026-05-29T13:38:00.000Z,,Customer unavailable,Failed stop,,33.9592,-118.0217,,,43,,,Cold chain,49,true
DLV-00245,32.7267,-96.52,2026-05-29T11:49:00.000Z,Delivery,,,DLV-00245,ORD-50244,PKG-80244,STOP-00245,5,R-011,DRV-020,Driver 20,Texas Hub,WH-Texas,Southwest,At Risk,,,,Normal,2026-05-29T12:54:00.000Z,2026-05-29T14:04:00.000Z,,2026-05-29T12:34:00.000Z,2026-05-29T13:39:00.000Z,,,Traffic delay,true,32.7147,-96.538,,,,,,General,57,
DLV-00246,40.6927,-73.6572,2026-05-29T11:50:00.000Z,Delivery,,,DLV-00246,ORD-50245,PKG-80245,STOP-00246,6,R-012,DRV-021,Driver 21,North DC,WH-North,Northeast,Pending,,,,Normal,2026-05-29T12:55:00.000Z,2026-05-29T13:15:00.000Z,,2026-05-29T12:35:00.000Z,2026-05-29T13:40:00.000Z,,,,,40.7047,-73.6392,,,,,,Fragile,65,
DLV-00247,33.743,-84.067,2026-05-29T11:51:00.000Z,Service Stop,,,DLV-00247,ORD-50246,PKG-80246,STOP-00247,7,R-013,DRV-022,Driver 22,South DC,WH-South,Southeast,In Transit,,,,Normal,2026-05-29T12:56:00.000Z,2026-05-29T13:16:00.000Z,,2026-05-29T12:36:00.000Z,2026-05-29T13:41:00.000Z,,,,,33.749,-84.055,,,,,,General,73,
DLV-00248,41.9091,-87.9688,2026-05-29T11:52:00.000Z,Delivery,,,DLV-00248,ORD-50247,PKG-80247,STOP-00248,8,R-014,DRV-023,Driver 23,Central DC,WH-Central,Central,Completed,,,,High,2026-05-29T12:57:00.000Z,2026-05-29T13:17:00.000Z,2026-05-29T13:15:00.000Z,2026-05-29T12:37:00.000Z,2026-05-29T13:42:00.000Z,2026-05-29T13:22:00.000Z,,,,41.9091,-87.9628,,,,,,General,81,
DLV-00249,34.1202,-118.5397,2026-05-29T11:53:00.000Z,Delivery,,,DLV-00249,ORD-50248,PKG-80248,STOP-00249,9,R-015,DRV-024,Driver 24,West DC,WH-West,West,Completed,,,,Normal,2026-05-29T12:58:00.000Z,2026-05-29T13:18:00.000Z,2026-05-29T13:16:00.000Z,2026-05-29T12:38:00.000Z,2026-05-29T13:43:00.000Z,2026-05-29T13:23:00.000Z,,,,34.1142,-118.5397,,,,,,General,89,
DLV-00250,32.8817,-97.05,2026-05-29T11:54:00.000Z,Service Stop,,,DLV-00250,ORD-50249,PKG-80249,STOP-00250,10,R-016,DRV-025,Driver 25,Texas Hub,WH-Texas,Southwest,Delayed,,,,Normal,2026-05-29T12:59:00.000Z,2026-05-29T14:09:00.000Z,,2026-05-29T12:39:00.000Z,2026-05-29T13:44:00.000Z,,,Traffic delay,,32.8697,-97.056,,,,,,General,97,
DLV-00251,40.8477,-74.1452,2026-05-29T11:55:00.000Z,Delivery,,,DLV-00251,ORD-50250,PKG-80250,STOP-00251,11,R-017,DRV-026,Driver 26,North DC,WH-North,Northeast,Failed,,,,Normal,2026-05-29T13:00:00.000Z,2026-05-29T13:20:00.000Z,,2026-05-29T12:40:00.000Z,2026-05-29T13:45:00.000Z,,Customer unavailable,Failed stop,,40.8597,-74.1572,,,,,,Fragile,105,
DLV-00252,33.898,-84.555,2026-05-29T11:56:00.000Z,Delivery,,,DLV-00252,ORD-50251,PKG-80251,STOP-00252,12,R-018,DRV-027,Driver 27,South DC,WH-South,Southeast,At Risk,,,,Normal,2026-05-29T13:01:00.000Z,2026-05-29T14:11:00.000Z,,2026-05-29T12:41:00.000Z,2026-05-29T13:46:00.000Z,,,Traffic delay,,33.904,-84.573,,,,,,General,113,
DLV-00253,42.0641,-87.7958,2026-05-29T11:57:00.000Z,Service Stop,,,DLV-00253,ORD-50252,PKG-80252,STOP-00253,13,R-001,DRV-028,Driver 28,Central DC,WH-Central,Central,Pending,,,,Normal,2026-05-29T13:02:00.000Z,2026-05-29T13:22:00.000Z,,2026-05-29T12:42:00.000Z,2026-05-29T13:47:00.000Z,,,,,42.0641,-87.7778,,,52,,,Cold chain,121,true
DLV-00254,34.2752,-118.3667,2026-05-29T11:58:00.000Z,Delivery,,,DLV-00254,ORD-50253,PKG-80253,STOP-00254,14,R-002,DRV-029,Driver 29,West DC,WH-West,West,In Transit,,,,Normal,2026-05-29T13:03:00.000Z,2026-05-29T13:23:00.000Z,,2026-05-29T12:43:00.000Z,2026-05-29T13:48:00.000Z,,,,,34.2692,-118.3547,,,,,,General,129,
DLV-00255,33.0367,-96.877,2026-05-29T11:59:00.000Z,Delivery,,,DLV-00255,ORD-50254,PKG-80254,STOP-00255,15,R-003,DRV-030,Driver 30,Texas Hub,WH-Texas,Southwest,Completed,,,,Normal,2026-05-29T13:04:00.000Z,2026-05-29T13:24:00.000Z,2026-05-29T13:22:00.000Z,2026-05-29T12:44:00.000Z,2026-05-29T13:49:00.000Z,2026-05-29T13:29:00.000Z,,,,33.0247,-96.871,,,,,,General,137,
DLV-00256,40.4757,-73.9722,2026-05-29T12:00:00.000Z,Service Stop,,,DLV-00256,ORD-50255,PKG-80255,STOP-00256,16,R-004,DRV-031,Driver 31,North DC,WH-North,Northeast,Completed,,,,Normal,2026-05-29T13:05:00.000Z,2026-05-29T13:25:00.000Z,2026-05-29T13:23:00.000Z,2026-05-29T12:45:00.000Z,2026-05-29T13:50:00.000Z,2026-05-29T13:30:00.000Z,,,,40.4877,-73.9722,,,,,,Fragile,145,
DLV-00257,33.526,-84.382,2026-05-29T12:01:00.000Z,Delivery,,,DLV-00257,ORD-50256,PKG-80256,STOP-00257,17,R-005,DRV-032,Driver 32,South DC,WH-South,Southeast,Delayed,,,,Normal,2026-05-29T13:06:00.000Z,2026-05-29T14:16:00.000Z,,2026-05-29T12:46:00.000Z,2026-05-29T13:51:00.000Z,,,Traffic delay,true,33.532,-84.388,,,,,,General,153,
DLV-00258,41.6921,-87.5808,2026-05-29T12:02:00.000Z,Delivery,,,DLV-00258,ORD-50257,PKG-80257,STOP-00258,18,R-006,DRV-033,Driver 33,Central DC,WH-Central,Central,Failed,,,,Normal,2026-05-29T13:07:00.000Z,2026-05-29T13:27:00.000Z,,2026-05-29T12:47:00.000Z,2026-05-29T13:52:00.000Z,,Customer unavailable,Failed stop,,41.6921,-87.5928,,,,,,General,161,
DLV-00259,33.9032,-118.1517,2026-05-29T12:03:00.000Z,Service Stop,,,DLV-00259,ORD-50258,PKG-80258,STOP-00259,19,R-007,DRV-034,Driver 34,West DC,WH-West,West,At Risk,,,,Normal,2026-05-29T13:08:00.000Z,2026-05-29T14:18:00.000Z,,2026-05-29T12:48:00.000Z,2026-05-29T13:53:00.000Z,,,Traffic delay,,33.8972,-118.1697,,,,,,General,169,
DLV-00260,32.6647,-96.704,2026-05-29T12:04:00.000Z,Delivery,,,DLV-00260,ORD-50259,PKG-80259,STOP-00260,20,R-008,DRV-035,Driver 35,Texas Hub,WH-Texas,Southwest,Pending,,,,Normal,2026-05-29T13:09:00.000Z,2026-05-29T13:29:00.000Z,,2026-05-29T12:49:00.000Z,2026-05-29T13:54:00.000Z,,,,,32.6527,-96.686,,,,,,General,177,
DLV-00261,40.6307,-73.7992,2026-05-29T12:05:00.000Z,Delivery,,,DLV-00261,ORD-50260,PKG-80260,STOP-00261,1,R-009,DRV-036,Driver 36,North DC,WH-North,Northeast,In Transit,,,,High,2026-05-29T13:10:00.000Z,2026-05-29T13:30:00.000Z,,2026-05-29T12:50:00.000Z,2026-05-29T13:55:00.000Z,,,,,40.6427,-73.7872,,,,,,Fragile,185,
DLV-00262,33.681,-84.209,2026-05-29T12:06:00.000Z,Service Stop,,,DLV-00262,ORD-50261,PKG-80261,STOP-00262,2,R-010,DRV-037,Driver 37,South DC,WH-South,Southeast,Completed,,,,Normal,2026-05-29T13:11:00.000Z,2026-05-29T13:31:00.000Z,2026-05-29T13:29:00.000Z,2026-05-29T12:51:00.000Z,2026-05-29T13:56:00.000Z,2026-05-29T13:36:00.000Z,,,,33.687,-84.203,,,50,,,Cold chain,193,true
DLV-00263,41.8471,-87.4078,2026-05-29T12:07:00.000Z,Delivery,,,DLV-00263,ORD-50262,PKG-80262,STOP-00263,3,R-011,DRV-038,Driver 38,Central DC,WH-Central,Central,Completed,,,,Normal,2026-05-29T13:12:00.000Z,2026-05-29T13:32:00.000Z,2026-05-29T13:30:00.000Z,2026-05-29T12:52:00.000Z,2026-05-29T13:57:00.000Z,2026-05-29T13:37:00.000Z,,,,41.8471,-87.4078,,,,,,General,201,
DLV-00264,34.0582,-117.9787,2026-05-29T12:08:00.000Z,Delivery,,,DLV-00264,ORD-50263,PKG-80263,STOP-00264,4,R-012,DRV-039,Driver 39,West DC,WH-West,West,Delayed,,,,Normal,2026-05-29T13:13:00.000Z,2026-05-29T14:23:00.000Z,,2026-05-29T12:53:00.000Z,2026-05-29T13:58:00.000Z,,,Traffic delay,,34.0522,-117.9847,,,,,,General,209,
DLV-00265,32.8197,-96.489,2026-05-29T12:09:00.000Z,Service Stop,,,DLV-00265,ORD-50264,PKG-80264,STOP-00265,5,R-013,DRV-040,Driver 40,Texas Hub,WH-Texas,Southwest,Failed,,,,Normal,2026-05-29T13:14:00.000Z,2026-05-29T13:34:00.000Z,,2026-05-29T12:54:00.000Z,2026-05-29T13:59:00.000Z,,Customer unavailable,Failed stop,,32.8077,-96.501,,,,,,General,217,
DLV-00266,40.7857,-73.5842,2026-05-29T12:10:00.000Z,Delivery,,,DLV-00266,ORD-50265,PKG-80265,STOP-00266,6,R-014,DRV-041,Driver 41,North DC,WH-North,Northeast,At Risk,,,,Normal,2026-05-29T13:15:00.000Z,2026-05-29T14:25:00.000Z,,2026-05-29T12:55:00.000Z,2026-05-29T14:00:00.000Z,,,Traffic delay,,40.7977,-73.6022,,,,,,Fragile,225,
DLV-00267,33.836,-84.739,2026-05-29T12:11:00.000Z,Delivery,,,DLV-00267,ORD-50266,PKG-80266,STOP-00267,7,R-015,DRV-042,Driver 42,South DC,WH-South,Southeast,Pending,,,,Normal,2026-05-29T13:16:00.000Z,2026-05-29T13:36:00.000Z,,2026-05-29T12:56:00.000Z,2026-05-29T14:01:00.000Z,,,,,33.842,-84.721,,,,,,General,233,
DLV-00268,42.0021,-87.9378,2026-05-29T12:12:00.000Z,Service Stop,,,DLV-00268,ORD-50267,PKG-80267,STOP-00268,8,R-016,DRV-043,Driver 43,Central DC,WH-Central,Central,In Transit,,,,Normal,2026-05-29T13:17:00.000Z,2026-05-29T13:37:00.000Z,,2026-05-29T12:57:00.000Z,2026-05-29T14:02:00.000Z,,,,,42.0021,-87.9258,,,,,,General,241,
DLV-00269,34.2132,-118.5087,2026-05-29T12:13:00.000Z,Delivery,,,DLV-00269,ORD-50268,PKG-80268,STOP-00269,9,R-017,DRV-044,Driver 44,West DC,WH-West,West,Completed,,,,Normal,2026-05-29T13:18:00.000Z,2026-05-29T13:38:00.000Z,2026-05-29T13:36:00.000Z,2026-05-29T12:58:00.000Z,2026-05-29T14:03:00.000Z,2026-05-29T13:43:00.000Z,,,,34.2072,-118.5027,,,,,,General,249,
DLV-00270,32.9747,-97.019,2026-05-29T12:14:00.000Z,Delivery,,,DLV-00270,ORD-50269,PKG-80269,STOP-00270,10,R-018,DRV-045,Driver 45,Texas Hub,WH-Texas,Southwest,Completed,,,,Normal,2026-05-29T13:19:00.000Z,2026-05-29T13:39:00.000Z,2026-05-29T13:37:00.000Z,2026-05-29T12:59:00.000Z,2026-05-29T14:04:00.000Z,2026-05-29T13:44:00.000Z,,,,32.9627,-97.019,,,,,,General,257,
DLV-00271,40.9407,-74.1142,2026-05-29T12:15:00.000Z,Service Stop,,,DLV-00271,ORD-50270,PKG-80270,STOP-00271,11,R-001,DRV-001,Driver 1,North DC,WH-North,Northeast,Delayed,,,,Normal,2026-05-29T13:20:00.000Z,2026-05-29T14:30:00.000Z,,2026-05-29T13:00:00.000Z,2026-05-29T14:05:00.000Z,,,Traffic delay,,40.9527,-74.1202,,,48,,,Cold chain,265,true
DLV-00272,33.991,-84.524,2026-05-29T12:16:00.000Z,Delivery,,,DLV-00272,ORD-50271,PKG-80271,STOP-00272,12,R-002,DRV-002,Driver 2,South DC,WH-South,Southeast,Failed,,,,Normal,2026-05-29T13:21:00.000Z,2026-05-29T13:41:00.000Z,,2026-05-29T13:01:00.000Z,2026-05-29T14:06:00.000Z,,Customer unavailable,Failed stop,,33.997,-84.536,,,,,,General,273,
DLV-00273,41.6301,-87.7228,2026-05-29T12:17:00.000Z,Delivery,,,DLV-00273,ORD-50272,PKG-80272,STOP-00273,13,R-003,DRV-003,Driver 3,Central DC,WH-Central,Central,At Risk,,,,Normal,2026-05-29T13:22:00.000Z,2026-05-29T14:32:00.000Z,,2026-05-29T13:02:00.000Z,2026-05-29T14:07:00.000Z,,,Traffic delay,true,41.6301,-87.7408,,,,,,General,281,
DLV-00274,33.8412,-118.3357,2026-05-29T12:18:00.000Z,Service Stop,,,DLV-00274,ORD-50273,PKG-80273,STOP-00274,14,R-004,DRV-004,Driver 4,West DC,WH-West,West,Pending,,,,High,2026-05-29T13:23:00.000Z,2026-05-29T13:43:00.000Z,,2026-05-29T13:03:00.000Z,2026-05-29T14:08:00.000Z,,,,,33.8352,-118.3177,,,,,,General,289,
DLV-00275,32.6027,-96.846,2026-05-29T12:19:00.000Z,Delivery,,,DLV-00275,ORD-50274,PKG-80274,STOP-00275,15,R-005,DRV-005,Driver 5,Texas Hub,WH-Texas,Southwest,In Transit,,,,Normal,2026-05-29T13:24:00.000Z,2026-05-29T13:44:00.000Z,,2026-05-29T13:04:00.000Z,2026-05-29T14:09:00.000Z,,,,,32.5907,-96.834,,,,,,General,297,
DLV-00276,40.5687,-73.9412,2026-05-29T12:20:00.000Z,Delivery,,,DLV-00276,ORD-50275,PKG-80275,STOP-00276,16,R-006,DRV-006,Driver 6,North DC,WH-North,Northeast,Completed,,,,Normal,2026-05-29T13:25:00.000Z,2026-05-29T13:45:00.000Z,2026-05-29T13:43:00.000Z,2026-05-29T13:05:00.000Z,2026-05-29T14:10:00.000Z,2026-05-29T13:50:00.000Z,,,,40.5807,-73.9352,,,,,,Fragile,305,
DLV-00277,33.619,-84.351,2026-05-29T12:21:00.000Z,Service Stop,,,DLV-00277,ORD-50276,PKG-80276,STOP-00277,17,R-007,DRV-007,Driver 7,South DC,WH-South,Southeast,Completed,,,,Normal,2026-05-29T13:26:00.000Z,2026-05-29T13:46:00.000Z,2026-05-29T13:44:00.000Z,2026-05-29T13:06:00.000Z,2026-05-29T14:11:00.000Z,2026-05-29T13:51:00.000Z,,,,33.625,-84.351,,,,,,General,313,
DLV-00278,41.7851,-87.5498,2026-05-29T12:22:00.000Z,Delivery,,,DLV-00278,ORD-50277,PKG-80277,STOP-00278,18,R-008,DRV-008,Driver 8,Central DC,WH-Central,Central,Delayed,,,,Normal,2026-05-29T13:27:00.000Z,2026-05-29T14:37:00.000Z,,2026-05-29T13:07:00.000Z,2026-05-29T14:12:00.000Z,,,Traffic delay,,41.7851,-87.5558,,,,,,General,321,
DLV-00279,33.9962,-118.1207,2026-05-29T12:23:00.000Z,Delivery,,,DLV-00279,ORD-50278,PKG-80278,STOP-00279,19,R-009,DRV-009,Driver 9,West DC,WH-West,West,Failed,,,,Normal,2026-05-29T13:28:00.000Z,2026-05-29T13:48:00.000Z,,2026-05-29T13:08:00.000Z,2026-05-29T14:13:00.000Z,,Customer unavailable,Failed stop,,33.9902,-118.1327,,,,,,General,329,
DLV-00280,32.7577,-96.631,2026-05-29T12:24:00.000Z,Service Stop,,,DLV-00280,ORD-50279,PKG-80279,STOP-00280,20,R-010,DRV-010,Driver 10,Texas Hub,WH-Texas,Southwest,At Risk,,,,Normal,2026-05-29T13:29:00.000Z,2026-05-29T14:39:00.000Z,,2026-05-29T13:09:00.000Z,2026-05-29T14:14:00.000Z,,,Traffic delay,,32.7457,-96.649,,,46,,,Cold chain,337,true
DLV-00281,40.7237,-73.7682,2026-05-29T12:25:00.000Z,Delivery,,,DLV-00281,ORD-50280,PKG-80280,STOP-00281,1,R-011,DRV-011,Driver 11,North DC,WH-North,Northeast,Pending,,,,Normal,2026-05-29T11:10:00.000Z,2026-05-29T11:30:00.000Z,,2026-05-29T10:50:00.000Z,2026-05-29T11:55:00.000Z,,,,,40.7357,-73.7502,,,,,,Fragile,25,
DLV-00282,33.774,-84.178,2026-05-29T12:26:00.000Z,Delivery,,,DLV-00282,ORD-50281,PKG-80281,STOP-00282,2,R-012,DRV-012,Driver 12,South DC,WH-South,Southeast,In Transit,,,,Normal,2026-05-29T11:11:00.000Z,2026-05-29T11:31:00.000Z,,2026-05-29T10:51:00.000Z,2026-05-29T11:56:00.000Z,,,,,33.78,-84.166,,,,,,General,33,
DLV-00283,41.9401,-87.3768,2026-05-29T12:27:00.000Z,Service Stop,,,DLV-00283,ORD-50282,PKG-80282,STOP-00283,3,R-013,DRV-013,Driver 13,Central DC,WH-Central,Central,Completed,,,,Normal,2026-05-29T11:12:00.000Z,2026-05-29T11:32:00.000Z,2026-05-29T11:30:00.000Z,2026-05-29T10:52:00.000Z,2026-05-29T11:57:00.000Z,2026-05-29T11:37:00.000Z,,,,41.9401,-87.3708,,,,,,General,41,
DLV-00284,34.1512,-117.9477,2026-05-29T12:28:00.000Z,Delivery,,,DLV-00284,ORD-50283,PKG-80283,STOP-00284,4,R-014,DRV-014,Driver 14,West DC,WH-West,West,Completed,,,,Normal,2026-05-29T11:13:00.000Z,2026-05-29T11:33:00.000Z,2026-05-29T11:31:00.000Z,2026-05-29T10:53:00.000Z,2026-05-29T11:58:00.000Z,2026-05-29T11:38:00.000Z,,,,34.1452,-117.9477,,,,,,General,49,
DLV-00285,32.9127,-96.458,2026-05-29T12:29:00.000Z,Delivery,,,DLV-00285,ORD-50284,PKG-80284,STOP-00285,5,R-015,DRV-015,Driver 15,Texas Hub,WH-Texas,Southwest,Delayed,,,,Normal,2026-05-29T11:14:00.000Z,2026-05-29T12:24:00.000Z,,2026-05-29T10:54:00.000Z,2026-05-29T11:59:00.000Z,,,Traffic delay,true,32.9007,-96.464,,,,,,General,57,
DLV-00286,40.8787,-74.2562,2026-05-29T12:30:00.000Z,Service Stop,,,DLV-00286,ORD-50285,PKG-80285,STOP-00286,6,R-016,DRV-016,Driver 16,North DC,WH-North,Northeast,Failed,,,,Normal,2026-05-29T11:15:00.000Z,2026-05-29T11:35:00.000Z,,2026-05-29T10:55:00.000Z,2026-05-29T12:00:00.000Z,,Customer unavailable,Failed stop,,40.8907,-74.2682,,,,,,Fragile,65,
DLV-00287,33.929,-84.666,2026-05-29T12:31:00.000Z,Delivery,,,DLV-00287,ORD-50286,PKG-80286,STOP-00287,7,R-017,DRV-017,Driver 17,South DC,WH-South,Southeast,At Risk,,,,High,2026-05-29T11:16:00.000Z,2026-05-29T12:26:00.000Z,,2026-05-29T10:56:00.000Z,2026-05-29T12:01:00.000Z,,,Traffic delay,,33.935,-84.684,,,,,,General,73,
DLV-00288,42.0951,-87.9068,2026-05-29T12:32:00.000Z,Delivery,,,DLV-00288,ORD-50287,PKG-80287,STOP-00288,8,R-018,DRV-018,Driver 18,Central DC,WH-Central,Central,Pending,,,,Normal,2026-05-29T11:17:00.000Z,2026-05-29T11:37:00.000Z,,2026-05-29T10:57:00.000Z,2026-05-29T12:02:00.000Z,,,,,42.0951,-87.8888,,,,,,General,81,
DLV-00289,34.3062,-118.4777,2026-05-29T12:33:00.000Z,Service Stop,,,DLV-00289,ORD-50288,PKG-80288,STOP-00289,9,R-001,DRV-019,Driver 19,West DC,WH-West,West,In Transit,,,,Normal,2026-05-29T11:18:00.000Z,2026-05-29T11:38:00.000Z,,2026-05-29T10:58:00.000Z,2026-05-29T12:03:00.000Z,,,,,34.3002,-118.4657,,,44,,,Cold chain,89,true
DLV-00290,32.5407,-96.988,2026-05-29T12:34:00.000Z,Delivery,,,DLV-00290,ORD-50289,PKG-80289,STOP-00290,10,R-002,DRV-020,Driver 20,Texas Hub,WH-Texas,Southwest,Completed,,,,Normal,2026-05-29T11:19:00.000Z,2026-05-29T11:39:00.000Z,2026-05-29T11:37:00.000Z,2026-05-29T10:59:00.000Z,2026-05-29T12:04:00.000Z,2026-05-29T11:44:00.000Z,,,,32.5287,-96.982,,,,,,General,97,
DLV-00291,40.5067,-74.0832,2026-05-29T12:35:00.000Z,Delivery,,,DLV-00291,ORD-50290,PKG-80290,STOP-00291,11,R-003,DRV-021,Driver 21,North DC,WH-North,Northeast,Completed,,,,Normal,2026-05-29T11:20:00.000Z,2026-05-29T11:40:00.000Z,2026-05-29T11:38:00.000Z,2026-05-29T11:00:00.000Z,2026-05-29T12:05:00.000Z,2026-05-29T11:45:00.000Z,,,,40.5187,-74.0832,,,,,,Fragile,105,
DLV-00292,33.557,-84.493,2026-05-29T12:36:00.000Z,Service Stop,,,DLV-00292,ORD-50291,PKG-80291,STOP-00292,12,R-004,DRV-022,Driver 22,South DC,WH-South,Southeast,Delayed,,,,Normal,2026-05-29T11:21:00.000Z,2026-05-29T12:31:00.000Z,,2026-05-29T11:01:00.000Z,2026-05-29T12:06:00.000Z,,,Traffic delay,,33.563,-84.499,,,,,,General,113,
DLV-00293,41.7231,-87.6918,2026-05-29T12:37:00.000Z,Delivery,,,DLV-00293,ORD-50292,PKG-80292,STOP-00293,13,R-005,DRV-023,Driver 23,Central DC,WH-Central,Central,Failed,,,,Normal,2026-05-29T11:22:00.000Z,2026-05-29T11:42:00.000Z,,2026-05-29T11:02:00.000Z,2026-05-29T12:07:00.000Z,,Customer unavailable,Failed stop,,41.7231,-87.7038,,,,,,General,121,
DLV-00294,33.9342,-118.2627,2026-05-29T12:38:00.000Z,Delivery,,,DLV-00294,ORD-50293,PKG-80293,STOP-00294,14,R-006,DRV-024,Driver 24,West DC,WH-West,West,At Risk,,,,Normal,2026-05-29T11:23:00.000Z,2026-05-29T12:33:00.000Z,,2026-05-29T11:03:00.000Z,2026-05-29T12:08:00.000Z,,,Traffic delay,,33.9282,-118.2807,,,,,,General,129,
DLV-00295,32.6957,-96.815,2026-05-29T12:39:00.000Z,Service Stop,,,DLV-00295,ORD-50294,PKG-80294,STOP-00295,15,R-007,DRV-025,Driver 25,Texas Hub,WH-Texas,Southwest,Pending,,,,Normal,2026-05-29T11:24:00.000Z,2026-05-29T11:44:00.000Z,,2026-05-29T11:04:00.000Z,2026-05-29T12:09:00.000Z,,,,,32.6837,-96.797,,,,,,General,137,
DLV-00296,40.6617,-73.9102,2026-05-29T12:40:00.000Z,Delivery,,,DLV-00296,ORD-50295,PKG-80295,STOP-00296,16,R-008,DRV-026,Driver 26,North DC,WH-North,Northeast,In Transit,,,,Normal,2026-05-29T11:25:00.000Z,2026-05-29T11:45:00.000Z,,2026-05-29T11:05:00.000Z,2026-05-29T12:10:00.000Z,,,,,40.6737,-73.8982,,,,,,Fragile,145,
DLV-00297,33.712,-84.32,2026-05-29T12:41:00.000Z,Delivery,,,DLV-00297,ORD-50296,PKG-80296,STOP-00297,17,R-009,DRV-027,Driver 27,South DC,WH-South,Southeast,Completed,,,,Normal,2026-05-29T11:26:00.000Z,2026-05-29T11:46:00.000Z,2026-05-29T11:44:00.000Z,2026-05-29T11:06:00.000Z,2026-05-29T12:11:00.000Z,2026-05-29T11:51:00.000Z,,,,33.718,-84.314,,,,,,General,153,
DLV-00298,41.8781,-87.5188,2026-05-29T12:42:00.000Z,Service Stop,,,DLV-00298,ORD-50297,PKG-80297,STOP-00298,18,R-010,DRV-028,Driver 28,Central DC,WH-Central,Central,Completed,,,,Normal,2026-05-29T11:27:00.000Z,2026-05-29T11:47:00.000Z,2026-05-29T11:45:00.000Z,2026-05-29T11:07:00.000Z,2026-05-29T12:12:00.000Z,2026-05-29T11:52:00.000Z,,,,41.8781,-87.5188,,,42,,,Cold chain,161,true
DLV-00299,34.0892,-118.0897,2026-05-29T12:43:00.000Z,Delivery,,,DLV-00299,ORD-50298,PKG-80298,STOP-00299,19,R-011,DRV-029,Driver 29,West DC,WH-West,West,Delayed,,,,Normal,2026-05-29T11:28:00.000Z,2026-05-29T12:38:00.000Z,,2026-05-29T11:08:00.000Z,2026-05-29T12:13:00.000Z,,,Traffic delay,,34.0832,-118.0957,,,,,,General,169,
DLV-00300,32.8507,-96.6,2026-05-29T12:44:00.000Z,Delivery,,,DLV-00300,ORD-50299,PKG-80299,STOP-00300,20,R-012,DRV-030,Driver 30,Texas Hub,WH-Texas,Southwest,Failed,,,,High,2026-05-29T11:29:00.000Z,2026-05-29T11:49:00.000Z,,2026-05-29T11:09:00.000Z,2026-05-29T12:14:00.000Z,,Customer unavailable,Failed stop,,32.8387,-96.612,,,,,,General,177,
DLV-00301,40.8167,-73.6952,2026-05-29T12:45:00.000Z,Service Stop,,,DLV-00301,ORD-50300,PKG-80300,STOP-00301,1,R-013,DRV-031,Driver 31,North DC,WH-North,Northeast,At Risk,,,,Normal,2026-05-29T11:30:00.000Z,2026-05-29T12:40:00.000Z,,2026-05-29T11:10:00.000Z,2026-05-29T12:15:00.000Z,,,Traffic delay,true,40.8287,-73.7132,,,,,,Fragile,185,
DLV-00302,33.867,-84.147,2026-05-29T12:46:00.000Z,Delivery,,,DLV-00302,ORD-50301,PKG-80301,STOP-00302,2,R-014,DRV-032,Driver 32,South DC,WH-South,Southeast,Pending,,,,Normal,2026-05-29T11:31:00.000Z,2026-05-29T11:51:00.000Z,,2026-05-29T11:11:00.000Z,2026-05-29T12:16:00.000Z,,,,,33.873,-84.129,,,,,,General,193,
DLV-00303,42.0331,-87.3458,2026-05-29T12:47:00.000Z,Delivery,,,DLV-00303,ORD-50302,PKG-80302,STOP-00303,3,R-015,DRV-033,Driver 33,Central DC,WH-Central,Central,In Transit,,,,Normal,2026-05-29T11:32:00.000Z,2026-05-29T11:52:00.000Z,,2026-05-29T11:12:00.000Z,2026-05-29T12:17:00.000Z,,,,,42.0331,-87.3338,,,,,,General,201,
DLV-00304,34.2442,-117.9167,2026-05-29T12:48:00.000Z,Service Stop,,,DLV-00304,ORD-50303,PKG-80303,STOP-00304,4,R-016,DRV-034,Driver 34,West DC,WH-West,West,Completed,,,,Normal,2026-05-29T11:33:00.000Z,2026-05-29T11:53:00.000Z,2026-05-29T11:51:00.000Z,2026-05-29T11:13:00.000Z,2026-05-29T12:18:00.000Z,2026-05-29T11:58:00.000Z,,,,34.2382,-117.9107,,,,,,General,209,
DLV-00305,33.0057,-97.13,2026-05-29T12:49:00.000Z,Delivery,,,DLV-00305,ORD-50304,PKG-80304,STOP-00305,5,R-017,DRV-035,Driver 35,Texas Hub,WH-Texas,Southwest,Completed,,,,Normal,2026-05-29T11:34:00.000Z,2026-05-29T11:54:00.000Z,2026-05-29T11:52:00.000Z,2026-05-29T11:14:00.000Z,2026-05-29T12:19:00.000Z,2026-05-29T11:59:00.000Z,,,,32.9937,-97.13,,,,,,General,217,
DLV-00306,40.9717,-74.2252,2026-05-29T12:50:00.000Z,Delivery,,,DLV-00306,ORD-50305,PKG-80305,STOP-00306,6,R-018,DRV-036,Driver 36,North DC,WH-North,Northeast,Delayed,,,,Normal,2026-05-29T11:35:00.000Z,2026-05-29T12:45:00.000Z,,2026-05-29T11:15:00.000Z,2026-05-29T12:20:00.000Z,,,Traffic delay,,40.9837,-74.2312,,,,,,Fragile,225,
DLV-00307,33.495,-84.635,2026-05-29T12:51:00.000Z,Service Stop,,,DLV-00307,ORD-50306,PKG-80306,STOP-00307,7,R-001,DRV-037,Driver 37,South DC,WH-South,Southeast,Failed,,,,Normal,2026-05-29T11:36:00.000Z,2026-05-29T11:56:00.000Z,,2026-05-29T11:16:00.000Z,2026-05-29T12:21:00.000Z,,Customer unavailable,Failed stop,,33.501,-84.647,,,51,,,Cold chain,233,true
DLV-00308,41.6611,-87.8338,2026-05-29T12:52:00.000Z,Delivery,,,DLV-00308,ORD-50307,PKG-80307,STOP-00308,8,R-002,DRV-038,Driver 38,Central DC,WH-Central,Central,At Risk,,,,Normal,2026-05-29T11:37:00.000Z,2026-05-29T12:47:00.000Z,,2026-05-29T11:17:00.000Z,2026-05-29T12:22:00.000Z,,,Traffic delay,,41.6611,-87.8518,,,,,,General,241,
DLV-00309,33.8722,-118.4467,2026-05-29T12:53:00.000Z,Delivery,,,DLV-00309,ORD-50308,PKG-80308,STOP-00309,9,R-003,DRV-039,Driver 39,West DC,WH-West,West,Pending,,,,Normal,2026-05-29T11:38:00.000Z,2026-05-29T11:58:00.000Z,,2026-05-29T11:18:00.000Z,2026-05-29T12:23:00.000Z,,,,,33.8662,-118.4287,,,,,,General,249,
DLV-00310,32.6337,-96.957,2026-05-29T12:54:00.000Z,Service Stop,,,DLV-00310,ORD-50309,PKG-80309,STOP-00310,10,R-004,DRV-040,Driver 40,Texas Hub,WH-Texas,Southwest,In Transit,,,,Normal,2026-05-29T11:39:00.000Z,2026-05-29T11:59:00.000Z,,2026-05-29T11:19:00.000Z,2026-05-29T12:24:00.000Z,,,,,32.6217,-96.945,,,,,,General,257,
DLV-00311,40.5997,-74.0522,2026-05-29T12:55:00.000Z,Delivery,,,DLV-00311,ORD-50310,PKG-80310,STOP-00311,11,R-005,DRV-041,Driver 41,North DC,WH-North,Northeast,Completed,,,,Normal,2026-05-29T11:40:00.000Z,2026-05-29T12:00:00.000Z,2026-05-29T11:58:00.000Z,2026-05-29T11:20:00.000Z,2026-05-29T12:25:00.000Z,2026-05-29T12:05:00.000Z,,,,40.6117,-74.0462,,,,,,Fragile,265,
DLV-00312,33.65,-84.462,2026-05-29T12:56:00.000Z,Delivery,,,DLV-00312,ORD-50311,PKG-80311,STOP-00312,12,R-006,DRV-042,Driver 42,South DC,WH-South,Southeast,Completed,,,,Normal,2026-05-29T11:41:00.000Z,2026-05-29T12:01:00.000Z,2026-05-29T11:59:00.000Z,2026-05-29T11:21:00.000Z,2026-05-29T12:26:00.000Z,2026-05-29T12:06:00.000Z,,,,33.656,-84.462,,,,,,General,273,
DLV-00313,41.8161,-87.6608,2026-05-29T12:57:00.000Z,Service Stop,,,DLV-00313,ORD-50312,PKG-80312,STOP-00313,13,R-007,DRV-043,Driver 43,Central DC,WH-Central,Central,Delayed,,,,High,2026-05-29T11:42:00.000Z,2026-05-29T12:52:00.000Z,,2026-05-29T11:22:00.000Z,2026-05-29T12:27:00.000Z,,,Traffic delay,true,41.8161,-87.6668,,,,,,General,281,
DLV-00314,34.0272,-118.2317,2026-05-29T12:58:00.000Z,Delivery,,,DLV-00314,ORD-50313,PKG-80313,STOP-00314,14,R-008,DRV-044,Driver 44,West DC,WH-West,West,Failed,,,,Normal,2026-05-29T11:43:00.000Z,2026-05-29T12:03:00.000Z,,2026-05-29T11:23:00.000Z,2026-05-29T12:28:00.000Z,,Customer unavailable,Failed stop,,34.0212,-118.2437,,,,,,General,289,
DLV-00315,32.7887,-96.742,2026-05-29T12:59:00.000Z,Delivery,,,DLV-00315,ORD-50314,PKG-80314,STOP-00315,15,R-009,DRV-045,Driver 45,Texas Hub,WH-Texas,Southwest,At Risk,,,,Normal,2026-05-29T11:44:00.000Z,2026-05-29T12:54:00.000Z,,2026-05-29T11:24:00.000Z,2026-05-29T12:29:00.000Z,,,Traffic delay,,32.7767,-96.76,,,,,,General,297,
DLV-00316,40.7547,-73.8792,2026-05-29T13:00:00.000Z,Service Stop,,,DLV-00316,ORD-50315,PKG-80315,STOP-00316,16,R-010,DRV-001,Driver 1,North DC,WH-North,Northeast,Pending,,,,Normal,2026-05-29T11:45:00.000Z,2026-05-29T12:05:00.000Z,,2026-05-29T11:25:00.000Z,2026-05-29T12:30:00.000Z,,,,,40.7667,-73.8612,,,49,,,Cold chain,305,true
DLV-00317,33.805,-84.289,2026-05-29T13:01:00.000Z,Delivery,,,DLV-00317,ORD-50316,PKG-80316,STOP-00317,17,R-011,DRV-002,Driver 2,South DC,WH-South,Southeast,In Transit,,,,Normal,2026-05-29T11:46:00.000Z,2026-05-29T12:06:00.000Z,,2026-05-29T11:26:00.000Z,2026-05-29T12:31:00.000Z,,,,,33.811,-84.277,,,,,,General,313,
DLV-00318,41.9711,-87.4878,2026-05-29T13:02:00.000Z,Delivery,,,DLV-00318,ORD-50317,PKG-80317,STOP-00318,18,R-012,DRV-003,Driver 3,Central DC,WH-Central,Central,Completed,,,,Normal,2026-05-29T11:47:00.000Z,2026-05-29T12:07:00.000Z,2026-05-29T12:05:00.000Z,2026-05-29T11:27:00.000Z,2026-05-29T12:32:00.000Z,2026-05-29T12:12:00.000Z,,,,41.9711,-87.4818,,,,,,General,321,
DLV-00319,34.1822,-118.0587,2026-05-29T13:03:00.000Z,Service Stop,,,DLV-00319,ORD-50318,PKG-80318,STOP-00319,19,R-013,DRV-004,Driver 4,West DC,WH-West,West,Completed,,,,Normal,2026-05-29T11:48:00.000Z,2026-05-29T12:08:00.000Z,2026-05-29T12:06:00.000Z,2026-05-29T11:28:00.000Z,2026-05-29T12:33:00.000Z,2026-05-29T12:13:00.000Z,,,,34.1762,-118.0587,,,,,,General,329,
DLV-00320,32.9437,-96.569,2026-05-29T13:04:00.000Z,Delivery,,,DLV-00320,ORD-50319,PKG-80319,STOP-00320,20,R-014,DRV-005,Driver 5,Texas Hub,WH-Texas,Southwest,Delayed,,,,Normal,2026-05-29T11:49:00.000Z,2026-05-29T12:59:00.000Z,,2026-05-29T11:29:00.000Z,2026-05-29T12:34:00.000Z,,,Traffic delay,,32.9317,-96.575,,,,,,General,337,
DLV-00321,40.9097,-73.6642,2026-05-29T11:45:00.000Z,Delivery,,,DLV-00321,ORD-50320,PKG-80320,STOP-00321,1,R-015,DRV-006,Driver 6,North DC,WH-North,Northeast,Failed,,,,Normal,2026-05-29T11:50:00.000Z,2026-05-29T12:10:00.000Z,,2026-05-29T11:30:00.000Z,2026-05-29T12:35:00.000Z,,Customer unavailable,Failed stop,,40.9217,-73.6762,,,,,,Fragile,25,
DLV-00322,33.96,-84.074,2026-05-29T11:46:00.000Z,Service Stop,,,DLV-00322,ORD-50321,PKG-80321,STOP-00322,2,R-016,DRV-007,Driver 7,South DC,WH-South,Southeast,At Risk,,,,Normal,2026-05-29T11:51:00.000Z,2026-05-29T13:01:00.000Z,,2026-05-29T11:31:00.000Z,2026-05-29T12:36:00.000Z,,,Traffic delay,,33.966,-84.092,,,,,,General,33,
DLV-00323,42.1261,-87.3148,2026-05-29T11:47:00.000Z,Delivery,,,DLV-00323,ORD-50322,PKG-80322,STOP-00323,3,R-017,DRV-008,Driver 8,Central DC,WH-Central,Central,Pending,,,,Normal,2026-05-29T11:52:00.000Z,2026-05-29T12:12:00.000Z,,2026-05-29T11:32:00.000Z,2026-05-29T12:37:00.000Z,,,,,42.1261,-87.2968,,,,,,General,41,
DLV-00324,33.8102,-118.5887,2026-05-29T11:48:00.000Z,Delivery,,,DLV-00324,ORD-50323,PKG-80323,STOP-00324,4,R-018,DRV-009,Driver 9,West DC,WH-West,West,In Transit,,,,Normal,2026-05-29T11:53:00.000Z,2026-05-29T12:13:00.000Z,,2026-05-29T11:33:00.000Z,2026-05-29T12:38:00.000Z,,,,,33.8042,-118.5767,,,,,,General,49,
DLV-00325,32.5717,-97.099,2026-05-29T11:49:00.000Z,Service Stop,,,DLV-00325,ORD-50324,PKG-80324,STOP-00325,5,R-001,DRV-010,Driver 10,Texas Hub,WH-Texas,Southwest,Completed,,,,Normal,2026-05-29T11:54:00.000Z,2026-05-29T12:14:00.000Z,2026-05-29T12:12:00.000Z,2026-05-29T11:34:00.000Z,2026-05-29T12:39:00.000Z,2026-05-29T12:19:00.000Z,,,,32.5597,-97.093,,,47,,,Cold chain,57,true
DLV-00326,40.5377,-74.1942,2026-05-29T11:50:00.000Z,Delivery,,,DLV-00326,ORD-50325,PKG-80325,STOP-00326,6,R-002,DRV-011,Driver 11,North DC,WH-North,Northeast,Completed,,,,High,2026-05-29T11:55:00.000Z,2026-05-29T12:15:00.000Z,2026-05-29T12:13:00.000Z,2026-05-29T11:35:00.000Z,2026-05-29T12:40:00.000Z,2026-05-29T12:20:00.000Z,,,,40.5497,-74.1942,,,,,,Fragile,65,
DLV-00327,33.588,-84.604,2026-05-29T11:51:00.000Z,Delivery,,,DLV-00327,ORD-50326,PKG-80326,STOP-00327,7,R-003,DRV-012,Driver 12,South DC,WH-South,Southeast,Delayed,,,,Normal,2026-05-29T11:56:00.000Z,2026-05-29T13:06:00.000Z,,2026-05-29T11:36:00.000Z,2026-05-29T12:41:00.000Z,,,Traffic delay,,33.594,-84.61,,,,,,General,73,
DLV-00328,41.7541,-87.8028,2026-05-29T11:52:00.000Z,Service Stop,,,DLV-00328,ORD-50327,PKG-80327,STOP-00328,8,R-004,DRV-013,Driver 13,Central DC,WH-Central,Central,Failed,,,,Normal,2026-05-29T11:57:00.000Z,2026-05-29T12:17:00.000Z,,2026-05-29T11:37:00.000Z,2026-05-29T12:42:00.000Z,,Customer unavailable,Failed stop,,41.7541,-87.8148,,,,,,General,81,
DLV-00329,33.9652,-118.3737,2026-05-29T11:53:00.000Z,Delivery,,,DLV-00329,ORD-50328,PKG-80328,STOP-00329,9,R-005,DRV-014,Driver 14,West DC,WH-West,West,At Risk,,,,Normal,2026-05-29T11:58:00.000Z,2026-05-29T13:08:00.000Z,,2026-05-29T11:38:00.000Z,2026-05-29T12:43:00.000Z,,,Traffic delay,true,33.9592,-118.3917,,,,,,General,89,
DLV-00330,32.7267,-96.926,2026-05-29T11:54:00.000Z,Delivery,,,DLV-00330,ORD-50329,PKG-80329,STOP-00330,10,R-006,DRV-015,Driver 15,Texas Hub,WH-Texas,Southwest,Pending,,,,Normal,2026-05-29T11:59:00.000Z,2026-05-29T12:19:00.000Z,,2026-05-29T11:39:00.000Z,2026-05-29T12:44:00.000Z,,,,,32.7147,-96.908,,,,,,General,97,
DLV-00331,40.6927,-74.0212,2026-05-29T11:55:00.000Z,Service Stop,,,DLV-00331,ORD-50330,PKG-80330,STOP-00331,11,R-007,DRV-016,Driver 16,North DC,WH-North,Northeast,In Transit,,,,Normal,2026-05-29T12:00:00.000Z,2026-05-29T12:20:00.000Z,,2026-05-29T11:40:00.000Z,2026-05-29T12:45:00.000Z,,,,,40.7047,-74.0092,,,,,,Fragile,105,
DLV-00332,33.743,-84.431,2026-05-29T11:56:00.000Z,Delivery,,,DLV-00332,ORD-50331,PKG-80331,STOP-00332,12,R-008,DRV-017,Driver 17,South DC,WH-South,Southeast,Completed,,,,Normal,2026-05-29T12:01:00.000Z,2026-05-29T12:21:00.000Z,2026-05-29T12:19:00.000Z,2026-05-29T11:41:00.000Z,2026-05-29T12:46:00.000Z,2026-05-29T12:26:00.000Z,,,,33.749,-84.425,,,,,,General,113,
DLV-00333,41.9091,-87.6298,2026-05-29T11:57:00.000Z,Delivery,,,DLV-00333,ORD-50332,PKG-80332,STOP-00333,13,R-009,DRV-018,Driver 18,Central DC,WH-Central,Central,Completed,,,,Normal,2026-05-29T12:02:00.000Z,2026-05-29T12:22:00.000Z,2026-05-29T12:20:00.000Z,2026-05-29T11:42:00.000Z,2026-05-29T12:47:00.000Z,2026-05-29T12:27:00.000Z,,,,41.9091,-87.6298,,,,,,General,121,
DLV-00334,34.1202,-118.2007,2026-05-29T11:58:00.000Z,Service Stop,,,DLV-00334,ORD-50333,PKG-80333,STOP-00334,14,R-010,DRV-019,Driver 19,West DC,WH-West,West,Delayed,,,,Normal,2026-05-29T12:03:00.000Z,2026-05-29T13:13:00.000Z,,2026-05-29T11:43:00.000Z,2026-05-29T12:48:00.000Z,,,Traffic delay,,34.1142,-118.2067,,,45,,,Cold chain,129,true
DLV-00335,32.8817,-96.711,2026-05-29T11:59:00.000Z,Delivery,,,DLV-00335,ORD-50334,PKG-80334,STOP-00335,15,R-011,DRV-020,Driver 20,Texas Hub,WH-Texas,Southwest,Failed,,,,Normal,2026-05-29T12:04:00.000Z,2026-05-29T12:24:00.000Z,,2026-05-29T11:44:00.000Z,2026-05-29T12:49:00.000Z,,Customer unavailable,Failed stop,,32.8697,-96.723,,,,,,General,137,
DLV-00336,40.8477,-73.8062,2026-05-29T12:00:00.000Z,Delivery,,,DLV-00336,ORD-50335,PKG-80335,STOP-00336,16,R-012,DRV-021,Driver 21,North DC,WH-North,Northeast,At Risk,,,,Normal,2026-05-29T12:05:00.000Z,2026-05-29T13:15:00.000Z,,2026-05-29T11:45:00.000Z,2026-05-29T12:50:00.000Z,,,Traffic delay,,40.8597,-73.8242,,,,,,Fragile,145,
DLV-00337,33.898,-84.258,2026-05-29T12:01:00.000Z,Service Stop,,,DLV-00337,ORD-50336,PKG-80336,STOP-00337,17,R-013,DRV-022,Driver 22,South DC,WH-South,Southeast,Pending,,,,Normal,2026-05-29T12:06:00.000Z,2026-05-29T12:26:00.000Z,,2026-05-29T11:46:00.000Z,2026-05-29T12:51:00.000Z,,,,,33.904,-84.24,,,,,,General,153,
DLV-00338,42.0641,-87.4568,2026-05-29T12:02:00.000Z,Delivery,,,DLV-00338,ORD-50337,PKG-80337,STOP-00338,18,R-014,DRV-023,Driver 23,Central DC,WH-Central,Central,In Transit,,,,Normal,2026-05-29T12:07:00.000Z,2026-05-29T12:27:00.000Z,,2026-05-29T11:47:00.000Z,2026-05-29T12:52:00.000Z,,,,,42.0641,-87.4448,,,,,,General,161,
DLV-00339,34.2752,-118.0277,2026-05-29T12:03:00.000Z,Delivery,,,DLV-00339,ORD-50338,PKG-80338,STOP-00339,19,R-015,DRV-024,Driver 24,West DC,WH-West,West,Completed,,,,High,2026-05-29T12:08:00.000Z,2026-05-29T12:28:00.000Z,2026-05-29T12:26:00.000Z,2026-05-29T11:48:00.000Z,2026-05-29T12:53:00.000Z,2026-05-29T12:33:00.000Z,,,,34.2692,-118.0217,,,,,,General,169,
DLV-00340,33.0367,-96.538,2026-05-29T12:04:00.000Z,Service Stop,,,DLV-00340,ORD-50339,PKG-80339,STOP-00340,20,R-016,DRV-025,Driver 25,Texas Hub,WH-Texas,Southwest,Completed,,,,Normal,2026-05-29T12:09:00.000Z,2026-05-29T12:29:00.000Z,2026-05-29T12:27:00.000Z,2026-05-29T11:49:00.000Z,2026-05-29T12:54:00.000Z,2026-05-29T12:34:00.000Z,,,,33.0247,-96.538,,,,,,General,177,
DLV-00341,40.4757,-73.6332,2026-05-29T12:05:00.000Z,Delivery,,,DLV-00341,ORD-50340,PKG-80340,STOP-00341,1,R-017,DRV-026,Driver 26,North DC,WH-North,Northeast,Delayed,,,,Normal,2026-05-29T12:10:00.000Z,2026-05-29T13:20:00.000Z,,2026-05-29T11:50:00.000Z,2026-05-29T12:55:00.000Z,,,Traffic delay,true,40.4877,-73.6392,,,,,,Fragile,185,
DLV-00342,33.526,-84.043,2026-05-29T12:06:00.000Z,Delivery,,,DLV-00342,ORD-50341,PKG-80341,STOP-00342,2,R-018,DRV-027,Driver 27,South DC,WH-South,Southeast,Failed,,,,Normal,2026-05-29T12:11:00.000Z,2026-05-29T12:31:00.000Z,,2026-05-29T11:51:00.000Z,2026-05-29T12:56:00.000Z,,Customer unavailable,Failed stop,,33.532,-84.055,,,,,,General,193,
DLV-00343,41.6921,-87.9448,2026-05-29T12:07:00.000Z,Service Stop,,,DLV-00343,ORD-50342,PKG-80342,STOP-00343,3,R-001,DRV-028,Driver 28,Central DC,WH-Central,Central,At Risk,,,,Normal,2026-05-29T12:12:00.000Z,2026-05-29T13:22:00.000Z,,2026-05-29T11:52:00.000Z,2026-05-29T12:57:00.000Z,,,Traffic delay,,41.6921,-87.9628,,,43,,,Cold chain,201,true
DLV-00344,33.9032,-118.5577,2026-05-29T12:08:00.000Z,Delivery,,,DLV-00344,ORD-50343,PKG-80343,STOP-00344,4,R-002,DRV-029,Driver 29,West DC,WH-West,West,Pending,,,,Normal,2026-05-29T12:13:00.000Z,2026-05-29T12:33:00.000Z,,2026-05-29T11:53:00.000Z,2026-05-29T12:58:00.000Z,,,,,33.8972,-118.5397,,,,,,General,209,
DLV-00345,32.6647,-97.068,2026-05-29T12:09:00.000Z,Delivery,,,DLV-00345,ORD-50344,PKG-80344,STOP-00345,5,R-003,DRV-030,Driver 30,Texas Hub,WH-Texas,Southwest,In Transit,,,,Normal,2026-05-29T12:14:00.000Z,2026-05-29T12:34:00.000Z,,2026-05-29T11:54:00.000Z,2026-05-29T12:59:00.000Z,,,,,32.6527,-97.056,,,,,,General,217,
DLV-00346,40.6307,-74.1632,2026-05-29T12:10:00.000Z,Service Stop,,,DLV-00346,ORD-50345,PKG-80345,STOP-00346,6,R-004,DRV-031,Driver 31,North DC,WH-North,Northeast,Completed,,,,Normal,2026-05-29T12:15:00.000Z,2026-05-29T12:35:00.000Z,2026-05-29T12:33:00.000Z,2026-05-29T11:55:00.000Z,2026-05-29T13:00:00.000Z,2026-05-29T12:40:00.000Z,,,,40.6427,-74.1572,,,,,,Fragile,225,
DLV-00347,33.681,-84.573,2026-05-29T12:11:00.000Z,Delivery,,,DLV-00347,ORD-50346,PKG-80346,STOP-00347,7,R-005,DRV-032,Driver 32,South DC,WH-South,Southeast,Completed,,,,Normal,2026-05-29T12:16:00.000Z,2026-05-29T12:36:00.000Z,2026-05-29T12:34:00.000Z,2026-05-29T11:56:00.000Z,2026-05-29T13:01:00.000Z,2026-05-29T12:41:00.000Z,,,,33.687,-84.573,,,,,,General,233,
DLV-00348,41.8471,-87.7718,2026-05-29T12:12:00.000Z,Delivery,,,DLV-00348,ORD-50347,PKG-80347,STOP-00348,8,R-006,DRV-033,Driver 33,Central DC,WH-Central,Central,Delayed,,,,Normal,2026-05-29T12:17:00.000Z,2026-05-29T13:27:00.000Z,,2026-05-29T11:57:00.000Z,2026-05-29T13:02:00.000Z,,,Traffic delay,,41.8471,-87.7778,,,,,,General,241,
DLV-00349,34.0582,-118.3427,2026-05-29T12:13:00.000Z,Service Stop,,,DLV-00349,ORD-50348,PKG-80348,STOP-00349,9,R-007,DRV-034,Driver 34,West DC,WH-West,West,Failed,,,,Normal,2026-05-29T12:18:00.000Z,2026-05-29T12:38:00.000Z,,2026-05-29T11:58:00.000Z,2026-05-29T13:03:00.000Z,,Customer unavailable,Failed stop,,34.0522,-118.3547,,,,,,General,249,
DLV-00350,32.8197,-96.853,2026-05-29T12:14:00.000Z,Delivery,,,DLV-00350,ORD-50349,PKG-80349,STOP-00350,10,R-008,DRV-035,Driver 35,Texas Hub,WH-Texas,Southwest,At Risk,,,,Normal,2026-05-29T12:19:00.000Z,2026-05-29T13:29:00.000Z,,2026-05-29T11:59:00.000Z,2026-05-29T13:04:00.000Z,,,Traffic delay,,32.8077,-96.871,,,,,,General,257,
DLV-00351,40.7857,-73.9902,2026-05-29T12:15:00.000Z,Delivery,,,DLV-00351,ORD-50350,PKG-80350,STOP-00351,11,R-009,DRV-036,Driver 36,North DC,WH-North,Northeast,Pending,,,,Normal,2026-05-29T12:20:00.000Z,2026-05-29T12:40:00.000Z,,2026-05-29T12:00:00.000Z,2026-05-29T13:05:00.000Z,,,,,40.7977,-73.9722,,,,,,Fragile,265,
DLV-00352,33.836,-84.4,2026-05-29T12:16:00.000Z,Service Stop,,,DLV-00352,ORD-50351,PKG-80351,STOP-00352,12,R-010,DRV-037,Driver 37,South DC,WH-South,Southeast,In Transit,,,,High,2026-05-29T12:21:00.000Z,2026-05-29T12:41:00.000Z,,2026-05-29T12:01:00.000Z,2026-05-29T13:06:00.000Z,,,,,33.842,-84.388,,,52,,,Cold chain,273,true
DLV-00353,42.0021,-87.5988,2026-05-29T12:17:00.000Z,Delivery,,,DLV-00353,ORD-50352,PKG-80352,STOP-00353,13,R-011,DRV-038,Driver 38,Central DC,WH-Central,Central,Completed,,,,Normal,2026-05-29T12:22:00.000Z,2026-05-29T12:42:00.000Z,2026-05-29T12:40:00.000Z,2026-05-29T12:02:00.000Z,2026-05-29T13:07:00.000Z,2026-05-29T12:47:00.000Z,,,,42.0021,-87.5928,,,,,,General,281,
DLV-00354,34.2132,-118.1697,2026-05-29T12:18:00.000Z,Delivery,,,DLV-00354,ORD-50353,PKG-80353,STOP-00354,14,R-012,DRV-039,Driver 39,West DC,WH-West,West,Completed,,,,Normal,2026-05-29T12:23:00.000Z,2026-05-29T12:43:00.000Z,2026-05-29T12:41:00.000Z,2026-05-29T12:03:00.000Z,2026-05-29T13:08:00.000Z,2026-05-29T12:48:00.000Z,,,,34.2072,-118.1697,,,,,,General,289,
DLV-00355,32.9747,-96.68,2026-05-29T12:19:00.000Z,Service Stop,,,DLV-00355,ORD-50354,PKG-80354,STOP-00355,15,R-013,DRV-040,Driver 40,Texas Hub,WH-Texas,Southwest,Delayed,,,,Normal,2026-05-29T12:24:00.000Z,2026-05-29T13:34:00.000Z,,2026-05-29T12:04:00.000Z,2026-05-29T13:09:00.000Z,,,Traffic delay,,32.9627,-96.686,,,,,,General,297,
DLV-00356,40.9407,-73.7752,2026-05-29T12:20:00.000Z,Delivery,,,DLV-00356,ORD-50355,PKG-80355,STOP-00356,16,R-014,DRV-041,Driver 41,North DC,WH-North,Northeast,Failed,,,,Normal,2026-05-29T12:25:00.000Z,2026-05-29T12:45:00.000Z,,2026-05-29T12:05:00.000Z,2026-05-29T13:10:00.000Z,,Customer unavailable,Failed stop,,40.9527,-73.7872,,,,,,Fragile,305,
DLV-00357,33.991,-84.185,2026-05-29T12:21:00.000Z,Delivery,,,DLV-00357,ORD-50356,PKG-80356,STOP-00357,17,R-015,DRV-042,Driver 42,South DC,WH-South,Southeast,At Risk,,,,Normal,2026-05-29T12:26:00.000Z,2026-05-29T13:36:00.000Z,,2026-05-29T12:06:00.000Z,2026-05-29T13:11:00.000Z,,,Traffic delay,true,33.997,-84.203,,,,,,General,313,
DLV-00358,41.6301,-87.4258,2026-05-29T12:22:00.000Z,Service Stop,,,DLV-00358,ORD-50357,PKG-80357,STOP-00358,18,R-016,DRV-043,Driver 43,Central DC,WH-Central,Central,Pending,,,,Normal,2026-05-29T12:27:00.000Z,2026-05-29T12:47:00.000Z,,2026-05-29T12:07:00.000Z,2026-05-29T13:12:00.000Z,,,,,41.6301,-87.4078,,,,,,General,321,
DLV-00359,33.8412,-117.9967,2026-05-29T12:23:00.000Z,Delivery,,,DLV-00359,ORD-50358,PKG-80358,STOP-00359,19,R-017,DRV-044,Driver 44,West DC,WH-West,West,In Transit,,,,Normal,2026-05-29T12:28:00.000Z,2026-05-29T12:48:00.000Z,,2026-05-29T12:08:00.000Z,2026-05-29T13:13:00.000Z,,,,,33.8352,-117.9847,,,,,,General,329,
DLV-00360,32.6027,-96.507,2026-05-29T12:24:00.000Z,Delivery,,,DLV-00360,ORD-50359,PKG-80359,STOP-00360,20,R-018,DRV-045,Driver 45,Texas Hub,WH-Texas,Southwest,Completed,,,,Normal,2026-05-29T12:29:00.000Z,2026-05-29T12:49:00.000Z,2026-05-29T12:47:00.000Z,2026-05-29T12:09:00.000Z,2026-05-29T13:14:00.000Z,2026-05-29T12:54:00.000Z,,,,32.5907,-96.501,,,,,,General,337,
DEPOT-1,40.7357,-73.9352,2026-05-29T12:00:00.000Z,Depot,,,,,,,,,,,North DC,WH-North,Northeast,Active,,,,,,,,,,,,,,,,,,,,,,,
DEPOT-2,33.749,-84.388,2026-05-29T12:00:00.000Z,Depot,,,,,,,,,,,South DC,WH-South,Southeast,Active,,,,,,,,,,,,,,,,,,,,,,,
DEPOT-3,41.8781,-87.6298,2026-05-29T12:00:00.000Z,Depot,,,,,,,,,,,Central DC,WH-Central,Central,Active,,,,,,,,,,,,,,,,,,,,,,,
DEPOT-4,34.0522,-118.2437,2026-05-29T12:00:00.000Z,Depot,,,,,,,,,,,West DC,WH-West,West,Active,,,,,,,,,,,,,,,,,,,,,,,
DEPOT-5,32.7767,-96.797,2026-05-29T12:00:00.000Z,Depot,,,,,,,,,,,Texas Hub,WH-Texas,Southwest,Active,,,,,,,,,,,,,,,,,,,,,,,
BAD-LAT-001,123.45,-95.2,2026-05-29T11:55:00.000Z,Vehicle,,,,,,,,,,,,,,Active,,,,,,,,,,,,Invalid latitude test row,,,,,,,,,,,
BAD-LON-001,39.1,-240,2026-05-29T11:55:00.000Z,Delivery,,,,,,,,,,,,,,Pending,,,,,,,,,,,,Invalid longitude test row,,,,,,,,,,,
DUP-TIME-001,39.7817,-89.6501,2026-05-29T11:30:00.000Z,Vehicle,DUP-TIME-001,,,,,,,R-999,,,,,,Active,,,,,,,,,,,,,,,,,,,,,,,
DUP-TIME-001,39.7917,-89.6401,2026-05-29T11:30:00.000Z,Vehicle,DUP-TIME-001,,,,,,,R-999,,,,,,Idle,,,,,,,,,,,,,,,,,,,,,,,